time,cases,pop,dpopdt,nino,nina,beta_eff,magnitude
1973,144,3398211.9854694027,176017.90237568913,1.6966666666666663,0,0.7006291652310204,2
1973.0833333333333,112,3412863.9888540325,175630.2413099137,1.09,0,0.903030377991724,2
1973.1666666666667,90,3427483.702763432,175242.95496922176,0.2966666666666667,0,1.0246908708888796,0
1973.25,114,3442071.1577512533,174856.01911267496,0,-0.4266666666666666,1.0137815749539054,0
1973.3333333333333,112,3456626.381677829,174469.4094993319,0,-0.9099999999999998,0.9754548260964864,-1
1973.4166666666667,110,3471149.4017301328,174083.12612919154,0,-1.23,1.0620775543700016,-2
1973.5,185,3485640.2450950188,173697.16900225595,0,-1.45,1.0108750216229758,-2
1973.5833333333333,144,3500098.9392700964,173311.54930141976,0,-1.61,1.0143573726562611,-2
1973.6666666666667,163,3514525.5129955197,172926.27820957743,0,-1.7566666666666666,0.9092485555397876,-2
1973.75,122,3528919.9953219555,172541.35572673113,0,-2.0033333333333334,0.8651141818122052,-3
1973.8333333333333,165,3543282.4153001974,172156.78185287985,0,-2.203333333333333,0.6615280913858583,-3
1973.9166666666667,136,3557612.801981032,171772.55658802253,0,-2.24,0.5010752440060242,-3
1974,56,3571911.18443146,171388.68052000605,0,-2.0033333333333334,0.5882543896875085,-3
1974.0833333333333,19,3586177.5917839147,171005.15423667422,0,-1.7333333333333334,0.7084659914900289,-2
1974.1666666666667,16,3600412.05318716,170621.9777380261,0,-1.49,0.8838629602947614,-2
1974.25,17,3614614.59778984,170239.15102406358,0,-1.3666666666666665,0.9218020233931103,-2
1974.3333333333333,26,3628785.254740719,169856.67409478576,0,-1.2833333333333334,0.9508641770187064,-2
1974.4166666666667,43,3642924.052909198,169474.53689324344,0,-1.13,1.01397555955405,-2
1974.5,85,3657031.020047128,169092.72936249035,0,-0.8733333333333334,0.9414168570224144,-1
1974.5833333333333,98,3671106.18362711,168711.2515025256,0,-0.6866666666666666,0.9608286466686128,-1
1974.6666666666667,175,3685149.57112175,168330.103313348,0,-0.7000000000000001,0.9443732269111906,-1
1974.75,192,3699161.210003536,167949.2847949597,0,-0.89,0.8833462925398755,-1
1974.8333333333333,181,3713141.1284413906,167568.82101479676,0,-1,0.7218728475989005,-2
1974.9166666666667,141,3727089.357389506,167188.73704029512,0,-0.8366666666666668,0.699356886508975,-1
1975,75,3741005.928498277,166809.03287145693,0,-0.7000000000000001,0.6467915362997275,-1
1975.0833333333333,78,3754890.873418214,166429.7085082811,0,-0.7400000000000001,0.8529261275018095,-1
1975.1666666666667,60,3768744.2237998266,166050.76395076662,0,-0.91,0.9727320686815296,-1
1975.25,86,3782566.009527856,165672.13563529676,0,-1.0599999999999998,0.969784881092392,-2
1975.3333333333333,103,3796356.2534245295,165293.75999825174,0,-1.1966666666666663,0.9581894476343124,-2
1975.4166666666667,130,3810114.9765464216,164915.6370396305,0,-1.34,1.0196461952425049,-2
1975.5,258,3823842.199949992,164537.76675943512,0,-1.47,0.954957865513572,-2
1975.5833333333333,433,3837537.947991276,164160.26793825417,0,-1.5233333333333334,0.9528007447844042,-2
1975.6666666666667,386,3851202.2582241474,163783.25935667622,0,-1.67,0.9123736232850272,-2
1975.75,302,3864835.171501834,163406.74101470335,0,-1.7166666666666668,0.8710904876928179,-2
1975.8333333333333,267,3878436.7286776737,163030.71291233454,0,-1.8066666666666664,0.7634266439600832,-2
1975.9166666666667,210,3892006.970605002,162655.17504956873,0,-1.8666666666666665,0.5994822320242368,-2
1976,73,3905545.9309767513,162279.8696557535,0,-1.7333333333333332,0.5037709382865068,-2
1976.0833333333333,27,3919053.6148447776,161904.5389602334,0,-1.3633333333333333,0.7530593860068515,-2
1976.1666666666667,16,3932530.020100643,161529.18296300736,0,-1.0033333333333334,0.8934354769137508,-2
1976.25,23,3945975.1446358,161153.8016640774,0,-0.8300000000000001,0.9366362653986064,-1
1976.3333333333333,26,3959388.986341807,160778.3950634426,0,-0.6833333333333332,0.9474622732606606,-1
1976.4166666666667,50,3972771.531825314,160402.55690422736,0,-0.4266666666666667,1.0203771973541056,0
1976.5,80,3986122.722553205,160025.8809295593,0,-0.14,0.9351796866469432,0
1976.5833333333333,115,3999442.488707565,159648.36713943735,0.08666666666666667,0,0.9106088364424576,0
1976.6666666666667,212,4012730.7604704727,159270.01553386048,0.39,0,0.928590838664588,1
1976.75,216,4025987.468023902,158890.82611283075,0.5866666666666667,0,0.917276260177842,1
1976.8333333333333,244,4039212.5452546375,158510.93224562434,0.65,0,0.7483995008704558,1
1976.9166666666667,266,4052405.940868271,158130.46730151743,0.66,0,0.7768516862161915,1
1977,166,4065567.6072749887,157749.431280512,0.5466666666666667,0,0.7816326668148439,1
1977.0833333333333,99,4078697.496885085,157367.82418260712,0.4466666666666666,0,0.7543257399186734,1
1977.1666666666667,98,4091795.560247723,156985.57900709438,0.06000000000000002,0,0.8867999130478557,1
1977.25,90,4104861.7404674375,156602.6287532685,0,-0.13333333333333333,0.9575867807928848,1
1977.3333333333333,123,4117895.978787736,156218.97342112855,0,-0.19333333333333333,0.939658921795228,1
1977.4166666666667,236,4130898.216452128,155834.61301067338,0,-0.03666666666666666,0.984223304837496,1
1977.5,461,4143868.3947040183,155449.5475219051,0.03,0,0.9818779960671126,1
1977.5833333333333,516,4156806.4553927784,155063.79876596862,0.16,0,0.9784324522897156,1
1977.6666666666667,658,4169712.3427912463,154677.38855400876,0.34,0,0.9525891470947606,1
1977.75,794,4182586.0017780145,154290.31688602763,0.5033333333333333,0,0.95182201450724,1
1977.8333333333333,643,4195427.377231782,153902.58376202424,0.6033333333333333,0,0.8283704141494822,1
1977.9166666666667,327,4208236.41403125,153514.18918199744,0.6,0,0.7588275792115338,1
1978,186,4221013.057065213,153125.13351307943,0.5233333333333333,0,0.8304715310485652,1
1978.0833333333333,189,4233757.251263359,152735.41712239917,0.2233333333333333,0,0.8422173569212608,0
1978.1666666666667,136,4246468.941565577,152345.04000995564,0,-0.21666666666666665,1.0384565370856178,0
1978.25,64,4259148.072911647,151954.00217575094,0,-0.5466666666666666,0.9769176682768668,-1
1978.3333333333333,74,4271794.590241462,151562.30361978404,0,-0.7166666666666667,0.9410792341443353,-1
1978.4166666666667,87,4284408.437741424,151169.91721667434,0,-0.6666666666666666,1.0302488296623054,-1
1978.5,109,4296989.556583905,150776.81584104465,0,-0.6833333333333332,1.0062433543159983,-1
1978.5833333333333,146,4309537.887187894,150382.9994928938,0,-0.6833333333333332,1.0280395414519257,-1
1978.6666666666667,174,4322053.369972384,149988.4681722208,0,-0.6533333333333333,0.8923965003939067,-1
1978.75,170,4334535.946930062,149593.27853585777,0,-0.5166666666666666,0.8974620814362707,-1
1978.8333333333333,102,4346985.566348923,149197.48724063346,0,-0.30000000000000004,0.8582639055909281,0
1978.9166666666667,91,4359402.178090767,148801.09428654693,0,-0.19000000000000003,0.7359586921208596,0
1979,58,4371785.7320172815,148404.09967360029,0,-0.1366666666666667,0.825029949529945,0
1979.0833333333333,58,4384136.177990264,148006.5034017925,0,-0.12333333333333334,0.9071597069059107,0
1979.1666666666667,46,4396453.4631816745,147608.2086369384,0,-0.07333333333333333,0.902376541671026,0
1979.25,56,4408737.52400401,147209.1185448562,0,-0.08333333333333333,0.9015070120955656,0
1979.3333333333333,42,4420988.2941800365,146809.23312554482,0,-0.17333333333333334,0.9192787357149608,0
1979.4166666666667,41,4433205.707432521,146408.55237900311,0,-0.33666666666666667,1.0596894319543917,0
1979.5,78,4445389.697484126,146007.0763052334,0,-0.2866666666666667,1.0476497982364446,0
1979.5833333333333,137,4457540.203080572,145604.98573071763,0,-0.09666666666666664,1.0223103726199991,0
1979.6666666666667,169,4469657.183059416,145202.46148193802,0.09666666666666668,0,0.9631994810175564,0
1979.75,119,4481740.601281066,144799.50355889674,0.22666666666666663,0,0.8678125080983806,0
1979.8333333333333,159,4493790.421606037,144396.11196159266,0.30666666666666664,0,0.7446251898297401,0
1979.9166666666667,167,4505806.607894835,143992.28669002472,0.45,0,0.6973267881147063,0
1980,124,4517789.11394705,143587.66555441284,0.4266666666666667,0,0.7019393008017101,0
1980.0833333333333,156,4529737.853319054,143181.88636497362,0.26333333333333336,0,0.8808719971529546,0
1980.1666666666667,151,4541652.729506394,142774.94912170595,0.06,0,0.9099413325872702,0
1980.25,149,4553533.64600452,142366.85382461207,0.01333333333333333,0,0.9470440692025376,0
1980.3333333333333,238,4565380.506308979,141957.60047369084,0.07333333333333332,0,0.995281053996856,0
1980.4166666666667,293,4577193.237573579,141548.04076636012,0.07666666666666666,0,0.9416252701264464,0
1980.5,360,4588971.861585078,141139.02640004113,0,-0.07666666666666667,1.0068536648122275,0
1980.5833333333333,674,4600716.423788593,140730.5573747327,0,-0.24,0.96320969730746,0
1980.6666666666667,583,4612426.969629239,140322.6336904338,0,-0.3066666666666667,0.9156059429874852,0
1980.75,507,4624103.50391331,139913.7923529568,0,-0.21333333333333335,0.9258390113912708,0
1980.8333333333333,412,4635745.868892284,139502.5703681109,0,-0.10333333333333332,0.8583068372098476,0
1980.9166666666667,274,4647353.866178911,139088.96773589493,0,-0.13666666666666666,0.7573870618180081,0
1981,164,4658927.297385849,138672.98445631113,0,-0.31666666666666665,0.6232431872592037,0
1981.0833333333333,100,4670465.964125849,138254.62052935842,0,-0.5466666666666667,0.8380801286047209,-0
1981.1666666666667,55,4681969.735619543,137836.3098387957,0,-0.6033333333333334,0.9579927691180696,-0
1981.25,77,4693438.751518996,137420.48626838552,0,-0.58,0.9162389959628487,-0
1981.3333333333333,70,4704873.219084257,137007.14981812664,0,-0.52,0.9409957392642542,-0
1981.4166666666667,141,4716273.345575365,136596.30048801797,0,-0.5566666666666666,1.0864110598888177,-0
1981.5,224,4727639.338252274,136187.93827806177,0,-0.5433333333333333,1.0320310068112244,-0
1981.5833333333333,224,4738971.257471396,135776.7746575766,0,-0.4533333333333333,0.9724444855132702,0
1981.6666666666667,224,4750268.575974625,135357.52109588115,0,-0.34,0.9270841499337767,0
1981.75,219,4761530.619600131,134930.17759297762,0,-0.3,0.9243174531344124,0
1981.8333333333333,228,4772756.7141861785,134494.7441488649,0,-0.3033333333333333,0.7986593263739437,0
1981.9166666666667,236,4783946.18557103,134051.2207635418,0,-0.16,0.5356363446206567,0
1982,145,4795099.01453197,133623.18524510728,0,-0.08,0.6184297330242297,0
1982.0833333333333,95,4806217.801602831,133234.21540165663,0.03,0,0.942269130281998,0
1982.1666666666667,61,4817305.802256561,132884.31123318902,0.05666666666666666,0,0.9755371779019508,0
1982.25,72,4828366.271966011,132573.4727397063,0.26333333333333336,0,0.9498314912249822,0
1982.3333333333333,52,4839401.954362403,132283.2736189502,0.39666666666666667,0,0.987930310336557,0
1982.4166666666667,103,4850413.545710027,131995.2875686625,0.45,0,1.0592724591373637,0
1982.5,118,4861401.230431369,131709.51458884482,0.5433333333333333,0,0.9879239388331288,3
1982.5833333333333,174,4872365.192948994,131425.95467949635,0.8633333333333333,0,0.945438520711934,3
1982.6666666666667,224,4883305.6176854735,131144.60784061637,1.403333333333333,0,0.8967175822603329,3
1982.75,223,4894222.562426903,130860.91516243586,1.8,0,0.9160377870691744,3
1982.8333333333333,204,4905115.578413941,130570.31773518356,2.036666666666666,0,0.9490408802224186,3
1982.9166666666667,290,4915984.090250859,130272.81555885868,2.1566666666666667,0,0.5252787609825331,3
1983,204,4926827.522541842,129968.4086334628,2.1633333333333336,0,0.648667689036198,3
1983.0833333333333,115,4937645.299891164,129657.0969589952,1.89,0,0.9081460043887144,3
1983.1666666666667,53,4948436.905808754,129341.00113902724,1.4233333333333331,0,0.986553000994721,3
1983.25,89,4959202.0594270695,129022.24177713292,1.0766666666666669,0,1.0431683364543034,3
1983.3333333333333,102,4969940.538784314,128700.81887331144,0.7966666666666667,0,0.9675102138777606,3
1983.4166666666667,107,4980652.1219186885,128376.73242756192,0.4433333333333333,0,1.0378631682058366,0
1983.5,165,4991336.5868683085,128049.98243988608,0.05333333333333334,0,1.0323429707384568,0
1983.5833333333333,310,5001993.681437532,127719.48049197569,0,-0.3,0.9376505926170152,0
1983.6666666666667,519,5012623.032495354,127384.13816552248,0,-0.65,0.9189771646429328,-1
1983.75,742,5023224.236676837,127043.95546052828,0,-0.99,0.8414860282396279,-1
1983.8333333333333,881,5033796.890617129,126698.93237699223,0,-1.16,0.6961022495845167,-2
1983.9166666666667,535,5044340.590951386,126349.06891491328,0,-0.9966666666666668,0.6674850935707954,-1
1984,224,5054854.950083392,125994.93274844011,0,-0.63,0.6587568498667585,-1
1984.0833333333333,127,5065339.643491933,125637.09155171848,0,-0.46,0.9324310111586084,0
1984.1666666666667,92,5075794.362424514,125275.54532474736,0,-0.4633333333333334,0.946836436594924,0
1984.25,99,5086218.79812856,124910.29406752875,0,-0.6433333333333334,1.0036102080113902,-1
1984.3333333333333,103,5096612.637335758,124541.17521056192,0,-0.77,1.0451327664340733,-1
1984.4166666666667,196,5106975.548714517,124168.02618434608,0,-0.71,1.046689253227474,-1
1984.5,307,5117307.196417347,123790.84698888326,0,-0.5466666666666666,0.9946894688507966,-1
1984.5833333333333,469,5127607.244596833,123409.63762417252,0,-0.36000000000000004,1.0524249640466816,0
1984.6666666666667,636,5137875.35740557,123024.3980902127,0,-0.4166666666666667,0.8988070024226295,0
1984.75,660,5148111.192299201,122634.88729987212,0,-0.7333333333333334,0.863470398143821,-1
1984.8333333333333,684,5158314.37994599,122240.86416601602,0,-1.0666666666666669,0.8383299500821287,-2
1984.9166666666667,673,5168484.544317338,121842.32868864326,0,-1.2300000000000002,0.7361408982240549,-2
1985,515,5178621.309384564,121439.28086775604,0,-1.0733333333333333,0.7751734996675327,-0
1985.0833333333333,358,5188724.299119069,121031.72070335325,0,-0.89,0.9626319255204884,-0
1985.1666666666667,318,5198793.157611821,120620.37249977385,0,-0.8966666666666666,0.9537203159691874,-0
1985.25,295,5208827.609431963,120205.96056136016,0,-1,0.9531517182180308,-0
1985.3333333333333,225,5218827.3992682835,119788.48488811104,0,-1.04,1.0102466292478651,-0
1985.4166666666667,298,5228792.271809578,119367.94548002536,0,-0.8933333333333332,1.0971774485242811,-0
1985.5,332,5238721.971744551,118944.34233710538,0,-0.7366666666666667,0.9560397992163984,-0
1985.5833333333333,359,5248616.192518107,118515.8306792335,0,-0.6666666666666666,1.032579235749317,-0
1985.6666666666667,439,5258474.42259957,118080.56572629206,0,-0.5833333333333334,0.9379528037099264,-0
1985.75,386,5268296.0992143005,117638.5474782834,0,-0.52,0.8641071184974198,-0
1985.8333333333333,341,5278080.659587736,117189.7759352063,0,-0.42333333333333334,0.9195132035029566,0
1985.9166666666667,284,5287827.630126004,116737.46160191816,0,-0.48,0.6497103892626483,0
1986,119,5297536.893957917,116284.81498328004,0,-0.5933333333333334,0.5886899091834431,-0
1986.0833333333333,92,5307208.423393052,115831.8360792906,0,-0.5966666666666667,0.8672544480897904,-0
1986.1666666666667,83,5316842.190740992,115378.52488994865,0,-0.48666666666666664,0.9105922548927724,0
1986.25,14,5326438.168311237,114924.88141525666,0,-0.4266666666666667,1.0493154596192245,0
1986.3333333333333,6,5335996.1827085335,114465.66028116849,0,-0.39000000000000007,1.0732531568954962,0
1986.4166666666667,28,5345515.477718289,113995.6161136379,0,-0.3166666666666667,1.0957124816314194,0
1986.5,65,5354995.151420997,113514.74891266748,0,-0.03333333333333332,0.9644596644554124,0
1986.5833333333333,227,5364434.301897232,113023.05867825594,0.24666666666666667,0,1.0526333562549683,0
1986.6666666666667,302,5373832.027227565,112520.5454104019,0.5533333333333333,0,0.9606135368487044,2
1986.75,398,5383187.708020677,112017.38012384916,0.7833333333333333,0,0.9072336784829436,2
1986.8333333333333,563,5392501.854998078,111523.73383333752,0.98,0,0.8437099219627738,2
1986.9166666666667,814,5401775.261409465,111039.6065388656,1.09,0,0.7032875585335567,2
1987,793,5411008.720504455,110564.99824043612,1.13,0,0.7363529050415702,2
1987.0833333333333,860,5420203.025532744,110099.90893804768,1.0833333333333333,0,0.9092775293415816,2
1987.1666666666667,741,5429358.308707836,109620.54132881315,0.8966666666666666,0,0.9438368959415364,2
1987.25,1083,5438472.058098396,109103.09810984948,0.7266666666666667,0,1.0133959067688134,2
1987.3333333333333,912,5447541.100736969,108547.57928115535,0.7066666666666667,0,1.0615710911598166,2
1987.4166666666667,1083,5456562.263656104,107953.9848427291,0.9433333333333334,0,1.1611244906052105,2
1987.5,1424,5465533.522495348,107363.6646492406,1.26,0,1.1116842366706927,2
1987.5833333333333,1789,5474457.447322616,106817.96855535502,1.5033333333333332,0,1.1076846562596658,2
1987.6666666666667,1476,5483337.756812903,106316.896561071,1.4866666666666666,0,0.9530730646011402,2
1987.75,899,5492178.169641126,105860.44866639124,1.32,0,0.962691613394836,2
1987.8333333333333,776,5500982.404482274,105448.62487131434,1.0833333333333333,0,0.9448391006449308,2
1987.9166666666667,771,5509752.153309043,105008.46389308236,0.97,0,0.5341687687962567,2
1988,376,5518481.001284855,104467.004448941,0.7066666666666667,0,0.8122094287490021,2
1988.0833333333333,266,5527160.506870909,103824.24653888922,0.4266666666666667,0,1.0030919501215685,0
1988.1666666666667,236,5535782.228528402,103080.19016292486,0,-0.02,1.0968736148194658,0
1988.25,242,5544337.724718462,102234.835321052,0,-0.5299999999999999,1.0641633544430784,-1
1988.3333333333333,122,5552816.672218071,101220.44138154828,0,-1.143333333333333,1.0462473630708993,-2
1988.4166666666667,100,5561201.221067357,99969.26771268946,0,-1.5766666666666669,1.072631028207662,-2
1988.5,207,5569471.639622157,98481.3143144825,0,-1.5566666666666666,1.0353745209617051,-2
1988.5833333333333,496,5577608.196238385,96756.5811869242,0,-1.3099999999999998,1.0075225201097493,-2
1988.6666666666667,334,5585591.159271947,94795.06833000896,0,-1.3633333333333333,0.9572579100307976,-2
1988.75,235,5593406.0667718025,92786.48469581934,0,-1.6499999999999997,0.8750927394703306,-2
1988.8333333333333,239,5601059.535559425,90920.5392364221,0,-1.97,0.6973560200738876,-2
1988.9166666666667,209,5608563.452149402,89197.23195181276,0,-1.9933333333333332,0.6406878773503335,-2
1989,160,5615929.703056257,87616.56284200077,0,-1.7999999999999998,0.8731236499059347,-0
1989.0833333333333,156,5623170.174794577,86178.53190698117,0,-1.55,0.9000905482467176,-0
1989.1666666666667,169,5630294.63207604,84806.75424206314,0,-1.2533333333333332,0.9734562211835144,-0
1989.25,231,5637304.352400635,83424.84494256684,0,-1.0566666666666666,1.022717333997224,-0
1989.3333333333333,306,5644198.491465496,82032.8040084887,0,-0.85,1.0611076957585317,-0
1989.4166666666667,329,5650976.204967761,80630.63143982488,0,-0.68,1.0404887314973044,-0
1989.5,410,5657637.799062042,79259.74370764729,0,-0.5633333333333334,1.0485710343412045,-0
1989.5833333333333,622,5664188.181733122,77961.55728301658,0,-0.46666666666666673,1.0038222767492746,0
1989.6666666666667,1095,5670633.411423315,76736.07216592945,0,-0.41,0.9591046641690832,0
1989.75,1139,5676979.54657488,75583.28835639266,0,-0.3833333333333333,0.8815737438402624,0
1989.8333333333333,1064,5683232.645630133,74503.20585440272,0,-0.3266666666666667,0.8435133186390986,0
1989.9166666666667,1236,5689398.28521715,73478.47934746239,0,-0.19000000000000003,0.625499824930292,0
1990,825,5695480.11470701,72491.76352308277,0.02999999999999999,0,0.8863787917618364,0
1990.0833333333333,554,5701481.301656613,71543.058381261,0.08666666666666667,0,0.9905812198076877,0
1990.1666666666667,501,5707405.013622852,70632.36392199463,0.11,0,1.0226163923065164,0
1990.25,421,5713254.418162577,69759.68014528869,0.06666666666666667,0,0.988146764457692,0
1990.3333333333333,306,5719032.929262174,68933.87851283707,0.02666666666666667,0,1.0436018756990817,0
1990.4166666666667,238,5724744.946625999,68163.83048633428,0.03,0,1.164902621049761,0
1990.5,306,5730395.116387845,67449.5360657845,0.07666666666666666,0,1.0061197292155022,0
1990.5833333333333,431,5735988.084681561,66790.99525118555,0.17666666666666667,0,1.0549402384676283,0
1990.6666666666667,553,5741528.497640991,66188.20804253587,0.21666666666666667,0,0.951690656994176,0
1990.75,241,5747020.853212902,65635.83970676738,0.17666666666666667,0,0.9117886189286428,0
1990.8333333333333,71,5752469.056595992,65128.555510806895,0.21999999999999997,0,0.8433232683034947,0
1990.9166666666667,89,5757876.864801926,64666.35545465324,0.3133333333333333,0,0.7068606903721932,0
1991,61,5763248.0348423235,64249.23953830893,0.38666666666666666,0,0.9035847651416096,0
1991.0833333333333,278,5768586.405021872,63880.134310599846,0.28,0,0.8344777085830105,0
1991.1666666666667,182,5773896.138817358,63561.96632035237,0.18000000000000002,0,1.0715466272241272,0
1991.25,150,5779181.480998535,63294.73556756823,0.16,0,1.0070829088386084,0
1991.3333333333333,108,5784446.676335205,63078.442052246486,0.3233333333333333,0,1.0275798101488849,0
1991.4166666666667,79,5789695.969597175,62913.08577438679,0.5133333333333333,0,1.1410780111838277,2
1991.5,137,5794933.580550591,62797.76660391192,0.6533333333333333,0,1.0619331731184507,2
1991.5833333333333,154,5800163.628947188,62731.58441074328,0.62,0,0.9976980395214092,2
1991.6666666666667,200,5805390.209535089,62714.539194880905,0.6533333333333333,0,0.9946747523976124,2
1991.75,243,5810617.417062376,62746.630956324865,0.8266666666666667,0,0.8915388269637999,2
1991.8333333333333,190,5815849.34627717,62827.859695075065,1.25,0,0.8229296836005353,2
1991.9166666666667,205,5821090.086880918,62958.04373071182,1.5766666666666664,0,0.9981604943504954,2
1992,125,5826343.708388305,63137.00138281431,1.7700000000000002,0,0.6195025313546064,2
1992.0833333333333,70,5831614.27526739,63364.73265138283,1.6666666666666667,0,0.8477787951085611,2
1992.1666666666667,75,5836905.851986221,63641.237536418215,1.4533333333333334,0,1.0125868132404616,2
1992.25,85,5842222.503012811,63966.516037918926,1.2066666666666668,0,0.9481991881936628,2
1992.3333333333333,60,5847568.330679308,64341.93126336296,0.94,0,0.9239548273297552,2
1992.4166666666667,43,5852947.588774248,64768.846320228855,0.6133333333333334,0,1.0338341044347774,2
1992.5,40,5858364.568950224,65247.261208514275,0.2833333333333333,0,0.9548662464356572,0
1992.5833333333333,89,5863823.562859865,65777.1759282203,0.07,0,0.9851743625237602,0
1992.6666666666667,178,5869328.862155804,66358.5904793486,0,-0.10333333333333332,0.9665397531545564,0
1992.75,256,5874884.651114248,66987.63931198855,0,-0.21333333333333335,0.7909777278195343,0
1992.8333333333333,232,5880494.684505893,67660.45687623417,0,-0.24333333333333337,0.7304284722461948,0
1992.9166666666667,268,5886162.609725059,68377.04317208749,0,-0.09666666666666668,0.7515008661099791,0
1993,147,5891892.074166013,69137.39819954461,0.13333333333333333,0,0.7225479896658579,0
1993.0833333333333,194,5897686.919543841,69948.51750631287,0.31333333333333335,0,0.8035357936205368,0
1993.1666666666667,159,5903551.764856708,70817.39664010021,0.4633333333333334,0,1.002155307750495,0
1993.25,175,5909491.423423503,71744.03560090184,0.5866666666666667,0,0.984017990755048,0
1993.3333333333333,130,5915510.708563155,72728.4343887201,0.5733333333333334,0,0.9972198257830454,0
1993.4166666666667,151,5921614.4335946,73770.59300355791,0.4533333333333333,0,1.0257260487892372,0
1993.5,162,5927807.062905353,74857.9499159982,0.23666666666666664,0,1.0758766940052302,0
1993.5833333333333,283,5934091.665157484,75977.94359663238,0.23666666666666664,0,0.941977216232626,0
1993.6666666666667,279,5940470.960081693,77130.57404546365,0.18000000000000002,0,0.9120065589375972,0
1993.75,372,5946947.6674086265,78315.84126248574,0.13666666666666666,0,0.91160107125789,0
1993.8333333333333,438,5953524.506868989,79533.74524770172,0.07333333333333333,0,0.8545143306916664,0
1993.9166666666667,434,5960205.179388763,80819.60903136394,0.08666666666666667,0,0.6120366352971268,0
1994,254,5966997.3106750185,82208.7556437142,0.10666666666666667,0,0.7777233255062495,0
1994.0833333333333,127,5973909.507630167,83701.18508475581,0.09000000000000001,0,0.9855041148200812,0
1994.1666666666667,151,5980950.377156615,85296.8973544933,0.14333333333333334,0,0.940977286135008,0
1994.25,132,5988128.526156718,86995.8924529179,0.22666666666666663,0,0.9944708338383302,0
1994.3333333333333,87,5995438.936435962,88307.66689078859,0.2966666666666667,0,0.9878136205282042,0
1994.4166666666667,138,6002822.08941214,88741.71717886011,0.29,0,1.0462984455229405,0
1994.5,153,6010204.841406062,88298.04331713005,0.36333333333333334,0,1.0532525040577716,0
1994.5833333333333,253,6017514.0487386,86976.6453056008,0.4166666666666667,0,0.967863459051746,0
1994.6666666666667,277,6024690.290243789,85271.53361841904,0.5866666666666667,0,0.9518227549495965,0
1994.75,173,6031729.0348082995,83676.71872974496,0.7799999999999999,0,0.8334538849543938,0
1994.8333333333333,147,6038639.473832026,82192.20063957383,1.0366666666666668,0,0.9088634269944348,0
1994.9166666666667,109,6045430.79871486,80817.97934790207,1.1266666666666667,0,0.7903942755832166,0
1995,123,6052112.200856642,79554.05485473719,1,0,0.7325337500079063,0
1995.0833333333333,85,6058691.86994523,78364.36552691109,0.7366666666666667,0,0.8110673523626083,0
1995.1666666666667,103,6065173.988820359,77212.8497312565,0.49,0,0.9806945175295508,0
1995.25,70,6071561.7386096725,76099.50746777978,0.21,0,1.0789257095247584,0
1995.3333333333333,58,6077858.300440871,75024.33873647764,0.01,0,1.058737145680936,0
1995.4166666666667,84,6084066.855441651,73987.34353734735,0,-0.15333333333333332,1.068756224699804,0
1995.5,82,6090190.9428859465,73001.41513667202,0,-0.32666666666666666,1.0786842249285793,0
1995.5833333333333,125,6096235.534632885,72079.44680072622,0,-0.5599999999999999,1.0876693250956266,-1
1995.6666666666667,260,6102205.960687872,71221.43852950766,0,-0.7833333333333333,0.9776860683882412,-1
1995.75,306,6108107.551056272,70427.39032302107,0,-0.94,1.06082343201365,-1
1995.8333333333333,223,6113945.635743497,69697.30218126402,0,-0.9766666666666666,1.0049897242108583,-1
1995.9166666666667,158,6119725.345370331,69023.99625786266,0,-0.97,0.7927563549381682,-1
1996,106,6125451.013019035,68400.29470644864,0,-0.89,0.9085089921535492,-0
1996.0833333333333,82,6131126.772387285,67826.19752702006,0,-0.7766666666666667,0.8658664793517037,-0
1996.1666666666667,69,6136756.757172763,67301.70471957556,0,-0.6466666666666666,1.1156027763040128,-0
1996.25,79,6142345.210682608,66830.76222613537,0,-0.48666666666666664,1.0440571955777984,0
1996.3333333333333,51,6147896.814661999,66417.31598871537,0,-0.43,0.9882027714374604,0
1996.4166666666667,73,6153416.3604656225,66061.3660073147,0,-0.42,1.123703218100251,0
1996.5,199,6158908.639448112,65762.9122819353,0,-0.3666666666666667,1.074396780855778,0
1996.5833333333333,160,6164378.442964157,65521.95481257609,0,-0.3700000000000001,1.1237443319215394,0
1996.6666666666667,232,6169830.524826451,65337.14208776171,0,-0.3700000000000001,0.9954999369949152,0
1996.75,237,6175269.488679707,65207.122596018184,0,-0.43333333333333335,1.056988289095927,0
1996.8333333333333,260,6180699.900626697,65131.89633734496,0,-0.49666666666666665,1.0319685076388738,0
1996.9166666666667,305,6186126.326770189,65111.463311742045,0,-0.5266666666666667,0.7797962567027621,-0
1997,234,6191553.333212911,65145.82351920954,0,-0.5133333333333333,0.8306331211666234,-0
1997.0833333333333,180,6196985.488627426,65235.06947237888,0,-0.3833333333333333,1.0417976838585354,0
1997.1666666666667,177,6202427.371965487,65379.293683882104,0,-0.15333333333333332,1.0678927645322789,0
1997.25,183,6207883.564748588,65578.49615371841,0.18333333333333335,0,1.0281092636814633,0
1997.3333333333333,126,6213358.648498273,65832.67688188811,0.63,0,1.0187734436204086,3
1997.4166666666667,178,6218857.204736085,66141.83586839215,1.096666666666667,0,1.0241487580784494,3
1997.5,255,6224383.845950396,66507.08792077005,1.5133333333333334,0,1.2030641431750988,3
1997.5833333333333,402,6229943.308497131,66929.54784656383,1.86,0,1.1475187134312563,3
1997.6666666666667,967,6235540.359699091,67409.21564577491,2.1266666666666665,0,1.0363868389418986,3
1997.75,1350,6241179.766879027,67946.0913184006,2.3000000000000003,0,1.0519605744248093,3
1997.8333333333333,1729,6246866.297359741,68540.17486444222,2.353333333333333,0,1.0277503792018314,3
1997.9166666666667,2368,6252604.622527206,69188.01255812233,2.36,0,1.0084257944462356,3
1998,1979,6258399.030020041,69886.15067365828,2.233333333333333,0,1.0568296211847246,3
1998.0833333333333,1586,6264253.71154008,70634.5892110517,1.9166666666666667,0,1.1179315979188564,3
1998.1666666666667,1258,6270172.858789162,71433.3281703049,1.3833333333333335,0,1.056642722935314,3
1998.25,1169,6276160.836935155,72288.6123302118,0.8966666666666666,0,1.0143140566167477,3
1998.3333333333333,433,6282222.705010282,73206.68646957284,0.32,0,0.9625459192194108,0
1998.4166666666667,302,6288363.695512851,74187.55058839079,0,-0.27,1.039814378235089,0
1998.5,437,6294589.0409411155,75231.2046866603,0,-0.8866666666666667,1.018505365523252,-1
1998.5833333333333,583,6300903.973793379,76337.64876438394,0,-1.1766666666666667,1.025097460286411,-2
1998.6666666666667,710,6307313.439058168,77496.53246952874,0,-1.3333333333333333,0.9828904547734404,-2
1998.75,887,6313821.231684845,78697.50545005218,0,-1.393333333333333,1.0508562196695352,-2
1998.8333333333333,910,6320430.859113037,79940.56770595735,0,-1.5366666666666664,0.9441411311351122,-2
1998.9166666666667,772,6327145.8287823815,81225.71923724785,0,-1.6133333333333333,0.8377442003061512,-2
1999,518,6333969.648132456,82552.96004391661,0,-1.5666666666666669,0.885958466554019,-2
1999.0833333333333,466,6340906.385054871,83942.46639709471,0,-1.32,0.9588711330332744,-2
1999.1666666666667,384,6347962.349249134,85414.41456791374,0,-1.1266666666666667,0.9938740665492032,-2
1999.25,406,6355144.410866684,86968.80455636585,0,-1.07,1.0277652941636677,-2
1999.3333333333333,263,6362459.440059006,88605.63636245485,0,-1.15,1.0498570852911828,-2
1999.4166666666667,374,6369914.306977591,90324.90998618558,0,-1.17,1.1317930564500678,-2
1999.5,654,6377514.558503714,92078.98770204984,0,-1.1933333333333334,1.135939468578639,-2
1999.5833333333333,611,6385260.448438104,93820.2317845534,0,-1.16,1.0735936380867659,-2
1999.6666666666667,554,6393150.9073113315,95548.642233701,0,-1.18,1.0275532064214306,-2
1999.75,383,6401184.86565391,97264.21904948314,0,-1.3,0.949398253569643,-2
1999.8333333333333,312,6409363.612572495,99051.87097073962,0,-1.5166666666666666,0.9182863897178344,-2
1999.9166666666667,275,6417697.87147805,100996.50673631096,0,-1.6966666666666663,0.5598504322313506,-2
2000,176,6426200.724357562,103098.12634618662,0,-1.6866666666666663,0.9171235439441336,-2
2000.0833333333333,185,6434885.253198075,105356.7298003716,0,-1.4333333333333336,0.9067431896460996,-2
2000.1666666666667,107,6443764.53998664,107772.31709887278,0,-1.1333333333333335,0.9974665849155036,-2
2000.25,165,6452846.878026051,110172.49561100578,0,-0.9033333333333332,1.0546864960594031,-1
2000.3333333333333,110,6462121.405882429,112384.87270610587,0,-0.84,1.0982886227341817,-1
2000.4166666666667,236,6471572.473437716,114409.44838417834,0,-0.7733333333333333,1.1050941437415969,-1
2000.5,341,6481184.430573773,116246.22264521208,0,-0.65,1.091178143423038,-1
2000.5833333333333,472,6490941.627172538,117895.19548921291,0,-0.56,1.0824129080188087,-1
2000.6666666666667,605,6500827.678392835,119329.91688388091,0,-0.57,1.035845540007249,-1
2000.75,569,6510823.260500927,120523.93679690469,0,-0.6699999999999999,1.0293043034631315,-1
2000.8333333333333,571,6520908.315040033,121477.25522828849,0,-0.8033333333333333,0.9180127739902088,-1
2000.9166666666667,631,6531062.783553382,122189.87217803393,0,-0.8133333333333334,0.9762475265078416,-1
2001,629,6541266.607584114,122661.7876461371,0,-0.7599999999999999,1.0179862095645538,-0
2001.0833333333333,749,6551504.5145834,123065.29431875212,0,-0.6133333333333333,1.0274248162605502,-0
2001.1666666666667,825,6561780.375634212,123572.68488203228,0,-0.5333333333333333,0.957689462743814,-0
2001.25,887,6572102.847727379,124183.9593359748,0,-0.4366666666666667,1.038480668033624,0
2001.3333333333333,1346,6582480.587853818,124899.11768058092,0,-0.34,1.1015285335200538,0
2001.4166666666667,1216,6592922.253004447,125718.15991585296,0,-0.19000000000000003,1.1579567017099917,0
2001.5,1711,6603434.143053843,126556.2298565287,0,-0.09333333333333334,1.1984234977196204,0
2001.5833333333333,2189,6614013.129411633,127328.47131735216,0,-0.09666666666666668,1.1421292410378974,0
2001.6666666666667,1810,6624653.7263711905,128034.88429832517,0,-0.13,1.020348145082463,0
2001.75,1149,6635350.448225811,128675.46879944394,0,-0.23666666666666664,0.9556323268100424,0
2001.8333333333333,794,6646099.1322885705,129297.85353020854,0,-0.30666666666666664,0.7971832312826651,0
2001.9166666666667,1038,6656900.907951387,129949.66720011884,0,-0.31,0.8714606839980479,0
2002,864,6667758.2276257975,130630.90980917124,0,-0.2,0.8840228149506991,0
2002.0833333333333,629,6678673.543723428,131341.58135736754,0,-0.06,1.0366525489021203,0
2002.1666666666667,502,6689649.308655901,132081.6818447098,0,-0.00333333333333333,1.0455284521663273,0
2002.25,579,6700687.413522112,132831.0040161205,0.11333333333333331,0,0.9942805376195588,0
2002.3333333333333,490,6711787.504170484,133569.3406165285,0.35000000000000003,0,1.1067579359436424,0
2002.4166666666667,516,6722948.665136795,134296.6916459356,0.59,0,1.1460998188965297,2
2002.5,925,6734169.980956734,135013.05710433793,0.7766666666666667,0,1.1990148530877018,2
2002.5833333333333,905,6745450.53616608,135718.43699173743,0.9,0,1.119685727045697,2
2002.6666666666667,766,6756789.7051023645,136423.2641710131,1.07,0,1.0756228724828,2
2002.75,562,6768188.0213100035,137137.97150503818,1.2699999999999998,0,1.0246723700849558,2
2002.8333333333333,595,6779646.308135259,137862.55899381454,1.3633333333333333,0,0.9976407894322344,2
2002.9166666666667,769,6791165.388924393,138597.02663734424,1.1466666666666667,0,1.0326848700779463,2
2003,945,6802746.087023569,139341.37443562326,0.8700000000000001,0,0.8740442389786461,2
2003.0833333333333,879,6814389.046597884,140089.1518666349,0.5333333333333333,0,1.0205493621521629,0
2003.1666666666667,579,6826094.195087762,140833.90840836256,0.2866666666666667,0,1.0433922866193337,0
2003.25,487,6837861.2807523655,141575.64406080218,0,-0.13,0.9759186312574296,0
2003.3333333333333,474,6849690.0518509485,142314.3588239558,0,-0.3466666666666667,1.047839760436938,0
2003.4166666666667,442,6861580.362455323,143053.86194953386,0,-0.23,1.0599585504640257,0
2003.5,444,6873532.489887386,143797.96268924075,0.06,0,1.0463479070772133,0
2003.5833333333333,527,6885546.81728168,144546.66104307846,0.24666666666666667,0,1.116803064917519,0
2003.6666666666667,678,6897623.727772748,145299.95701104915,0.31666666666666665,0,1.0206351867826362,0
2003.75,642,6909763.6044950355,146057.8505931486,0.34,0,1.067754108943176,0
2003.8333333333333,685,6921966.783741133,146818.6554790284,0.3933333333333333,0,1.0186375630868585,0
2003.9166666666667,804,6934233.414435811,147580.6853583401,0.3433333333333333,0,0.8048343776889325,0
2004,437,6946563.598661796,148343.9402310796,0.31,0,0.8878173394258705,0
2004.0833333333333,261,6958957.438501899,149108.42009724892,0.2066666666666667,0,0.8908000917503409,0
2004.1666666666667,161,6971415.0360389445,149874.12495685022,0.14,0,1.0304381504427542,0
2004.25,298,6983936.52013079,150642.0187150081,0.08333333333333333,0,0.9245576797120428,0
2004.3333333333333,161,6996522.126735968,151413.06527685345,0.08666666666666667,0,1.0742073126964589,0
2004.4166666666667,158,7009172.118588157,152187.26464238847,0.22666666666666663,0,1.109347005564333,0
2004.5,224,7021886.758420925,152964.61681160884,0.46,0,1.0802638131466078,0
2004.5833333333333,544,7034666.308967949,153745.12178451673,0.6866666666666666,0,1.1087023604800423,1
2004.6666666666667,586,7047511.010530096,154527.97198006907,0.7666666666666666,0,1.0449859563958224,1
2004.75,643,7060421.013676905,155312.35981721635,0.7333333333333334,0,1.0488056640430614,1
2004.8333333333333,534,7073396.44654521,156098.28529596076,0.71,0,1.017928029828657,1
2004.9166666666667,617,7086437.437271844,156885.74841630438,0.6866666666666666,0,0.8066061327784136,1
2005,329,7099544.13612135,157675.54577946232,0.5866666666666666,0,0.8249166985922953,1
2005.0833333333333,322,7112716.78186962,158468.47398665597,0.49,0,1.0536216260059446,0
2005.1666666666667,234,7125955.6354203615,159264.5330378875,0.3566666666666667,0,0.9964337876545568,0
2005.25,202,7139260.95767717,160063.72293315257,0.33666666666666667,0,1.011058707207278,0
2005.3333333333333,195,7152633.009543753,160866.04367245335,0.20000000000000004,0,1.0347361160808148,0
2005.4166666666667,684,7166072.026369848,161670.57531295827,0.03666666666666665,0,1.1912642861750171,0
2005.5,601,7179578.141289212,162476.39791182903,0,-0.08,1.1018337915987129,0
2005.5833333333333,584,7193151.461881748,163283.5114690679,0,-0.10666666666666667,1.103713760644936,0
2005.6666666666667,459,7206792.095727358,164091.91598467706,0,-0.04999999999999999,1.0565731385967267,0
2005.75,518,7220500.150405829,164901.61145865207,0,-0.23,1.0010839733814958,0
2005.8333333333333,418,7234275.776310354,165714.1391694933,0,-0.5233333333333333,0.9734899619882408,-1
2005.9166666666667,473,7248119.295087296,166531.0403957012,0,-0.8066666666666666,0.7529298324571835,-1
2006,275,7262031.071196188,167352.3151372712,0,-0.8333333333333334,0.8941796715188646,-0
2006.0833333333333,437,7276011.469096686,168177.96339420564,0,-0.7633333333333333,1.0004456290946813,-0
2006.1666666666667,319,7290060.85324844,169007.98516650667,0,-0.5666666666666667,1.0512999823679985,-0
2006.25,371,7304179.499851159,169839.20310032906,0,-0.37333333333333335,1.0456137725666037,0
2006.3333333333333,198,7318367.332065349,170668.43984183422,0,-0.1366666666666667,1.0877318617372198,0
2006.4166666666667,735,7332624.184791691,171495.69539102446,0,-0.02666666666666667,1.0845114038386114,0
2006.5,832,7346949.892930745,172320.96974789523,0.10666666666666667,0,1.179977039245355,0
2006.5833333333333,725,7361344.291383194,173144.26291244876,0.30666666666666664,0,1.131274051021418,0
2006.6666666666667,569,7375806.877734185,173953.43152568498,0.5366666666666666,0,1.0302996732800966,1
2006.75,595,7390335.800306644,174736.3322285972,0.7633333333333333,0,1.0333981834831232,1
2006.8333333333333,603,7404928.870108082,175492.96502118773,0.9433333333333334,0,1.0578334333262014,1
2006.9166666666667,571,7419583.898146014,176223.32990345842,0.9433333333333334,0,0.8361415767245248,1
2007,659,7434299.141778999,176943.49551748717,0.6566666666666666,0,0.8499856873010317,1
2007.0833333333333,522,7449074.643770396,177669.5305053577,0.21666666666666665,0,0.9252951634983309,0
2007.1666666666667,250,7463910.893234735,178401.43486707198,0,-0.12333333333333334,1.073601140293577,0
2007.25,253,7478808.379286418,179139.20860262614,0,-0.3233333333333333,0.9445350904428138,0
2007.3333333333333,229,7493767.591039975,179882.85171202215,0,-0.38000000000000006,1.0681332521156384,0
2007.4166666666667,371,7508788.917468951,180628.75911994505,0,-0.47,1.05099039336527,0
2007.5,623,7523872.346982845,181373.3257510739,0,-0.5533333333333333,1.0765067684242182,-1
2007.5833333333333,601,7539017.767850302,182116.5516054107,0,-0.8066666666666666,1.082442425249213,-1
2007.6666666666667,651,7554225.068339962,182858.43668295752,0,-1.0733333333333333,1.070027987065943,-2
2007.75,715,7569494.136720343,183598.98098371032,0,-1.346666666666667,1.0569858022288432,-2
2007.8333333333333,696,7584824.9073233,184339.8427833664,0,-1.5033333333333332,0.9244978866924086,-2
2007.9166666666667,806,7600217.498733546,185082.68035762297,0,-1.6,0.951735541781404,-2
2008,473,7615672.075598879,185827.49370647612,0,-1.643333333333333,0.8485314778576286,-2
2008.0833333333333,474,7631188.802567225,186574.28282992783,0,-1.5199999999999998,0.9288086637819378,-2
2008.1666666666667,441,7646767.84428651,187323.04772798013,0,-1.29,1.0462857905929963,-2
2008.25,501,7662409.3377675805,188072.79347044005,0,-1.0133333333333334,1.000079029026936,-2
2008.3333333333333,561,7678113.309473615,188822.5251271208,0,-0.8366666666666668,1.0728231752682198,-1
2008.4166666666667,595,7693879.758230842,189572.2426980244,0,-0.6066666666666667,1.0997347068251702,-1
2008.5,900,7709708.682865362,190321.9461831468,0,-0.36999999999999994,1.060064526153657,0
2008.5833333333333,1054,7725600.098215324,191072.21201165387,0,-0.22666666666666663,1.0784185027536477,0
2008.6666666666667,1228,7741554.0831665555,191823.6166127116,0,-0.24333333333333332,0.981193273782455,0
2008.75,508,7757570.732616692,192576.159986316,0,-0.35333333333333333,1.0018731761686348,0
2008.8333333333333,1355,7773650.141463483,193329.84213246903,0,-0.5566666666666666,0.8921018748926318,-1
2008.9166666666667,914,7789792.404604689,194084.66305117277,0,-0.7366666666666667,0.7467905355478685,-1
2009,680,7805997.610266102,194840.38255658603,0,-0.8466666666666667,0.6495801165463005,-0
2009.0833333333333,354,7822265.819986336,195596.7604628738,0,-0.79,0.9601180728459644,-0
2009.1666666666667,225,7838597.088632177,196353.79677003832,0,-0.61,1.0332655816057392,-0
2009.25,219,7854991.471070272,197111.4914780753,0,-0.32666666666666666,0.9828138486896631,0
2009.3333333333333,208,7871449.022167405,197869.84458698684,0.00666666666666667,0,1.0404912801124435,0
2009.4166666666667,287,7887969.799871219,198628.967007601,0.2833333333333333,0,1.1584977808630288,0
2009.5,584,7904553.874452647,199388.96965073948,0.45,0,1.0916594060879503,0
2009.5833333333333,513,7921201.319263605,200149.85251640447,0.5733333333333334,0,1.0924824669918354,2
2009.6666666666667,622,7937912.207656022,200911.615604598,0.7100000000000001,0,1.037082011308559,2
2009.75,548,7954686.61298168,201674.2589153159,1.01,0,0.9897788912539008,2
2009.8333333333333,644,7971524.6074434435,202437.741082436,1.3633333333333333,0,0.9093852079207404,2
2009.9166666666667,793,7988426.258647943,203202.0207398363,1.5733333333333337,0,0.9164994656559924,2
2010,658,8005391.633052606,203967.09788751244,1.5033333333333332,0,0.9230748683628598,2
2010.0833333333333,416,8022420.797115004,204732.97252546655,1.2233333333333334,0,1.1319359341005282,2
2010.1666666666667,448,8039513.817292708,205499.64465370087,0.8433333333333333,0,1.028775734459841,2
2010.25,415,8056670.759510439,206267.09509478332,0.35333333333333333,0,1.000854327122986,0
2010.3333333333333,243,8073891.687562235,207035.30467128835,0,-0.17666666666666664,1.0447568602033903,0
2010.4166666666667,251,8091176.664709431,207804.273383218,0,-0.66,1.0556726364468088,-1
2010.5,365,8108525.754213216,208574.001230568,0,-1.05,1.1208433460385,-2
2010.5833333333333,600,8125939.021565109,209344.56850006612,0,-1.3533333333333335,1.0500333713716303,-2
2010.6666666666667,974,8143416.541177379,210116.0554784398,0,-1.5599999999999998,1.0221929517594794,-2
2010.75,1159,8160958.389692334,210888.46216568493,0,-1.643333333333333,0.9550980733037888,-2
2010.8333333333333,1186,8178564.643752432,211661.78856180343,0,-1.643333333333333,1.009198433390605,-2
2010.9166666666667,1064,8196235.380000117,212436.0346667976,0,-1.5933333333333335,0.8941690875741068,-2
2011,589,8213970.670629143,213211.04033218024,0,-1.4166666666666667,0.7875280621670085,-2
2011.0833333333333,477,8231770.570039112,213986.6454094703,0,-1.1933333333333336,0.98158051405943,-2
2011.1666666666667,271,8249635.12818107,214762.8498986701,0,-0.9366666666666666,0.6949500132962134,-1
2011.25,256,8267564.395005905,215539.65379977517,0,-0.7400000000000001,1.0557680442913784,-1
2011.3333333333333,331,8285558.420464663,216317.05711278785,0,-0.5566666666666666,1.0699822259463172,-1
2011.4166666666667,760,8303617.263579249,217095.3863887916,0,-0.44333333333333336,1.1501084226061693,0
2011.5,1011,8321741.019654868,217874.96817886413,0,-0.48666666666666664,1.0155872114390212,0
2011.5833333333333,1052,8339929.79306775,218655.80248300725,0,-0.6266666666666667,1.0079550410094025,-1
2011.6666666666667,815,8358183.688194111,219437.88930122324,0,-0.8333333333333334,1.0257338794361,-1
2011.75,592,8376502.809410026,220221.2286335078,0,-1.0133333333333334,0.997456495750474,-2
2011.8333333333333,556,8394887.239179475,221005.03163906775,0,-1.1,1.0841513416577682,-2
2011.9166666666667,767,8413336.972317457,221788.5094771099,0,-1.04,0.7985952068618323,-2
2012,414,8431851.98172658,222571.66214763015,0,-0.8666666666666667,0.9617316223016752,-0
2012.0833333333333,206,8450432.240309598,223354.48965063057,0,-0.7166666666666667,1.037982122830826,-0
2012.1666666666667,189,8469077.761574222,224138.45376432617,0,-0.5933333333333334,1.0483859911523283,-0
2012.25,174,8487788.721447807,224925.0162669257,0,-0.4766666666666666,0.977389863939391,0
2012.3333333333333,177,8506565.336462809,225714.17715843132,0,-0.26666666666666666,1.0340957217347595,0
2012.4166666666667,138,8525407.823151698,226505.93643884524,0,-0.01666666666666666,1.1359340703426348,0
2012.5,215,8544316.398046771,227300.2941081631,0.24666666666666667,0,1.0476863139523236,0
2012.5833333333333,418,8563291.175808275,228093.5827665486,0.3666666666666667,0,1.0418058961487362,0
2012.6666666666667,634,8582331.863607582,228882.1350141655,0.36999999999999994,0,0.9734227701887354,0
2012.75,661,8601438.066743689,229665.9508510095,0.26666666666666666,0,0.993625782888939,0
2012.8333333333333,1060,8620609.39051575,230445.03027708275,0.05666666666666668,0,0.9923421479502144,0
2012.9166666666667,1437,8639845.44022292,231219.3732923874,0,-0.2066666666666667,1.0087484430429892,0
2013,1068,8659145.85693616,231990.26768751876,0,-0.43333333333333335,0.8338510945299275,0
2013.0833333333333,928,8678510.424814427,232759.0012530786,0,-0.43333333333333335,1.054822549899779,0
2013.1666666666667,475,8697938.963788649,233525.57398906883,0,-0.34,1.0146436750198964,0
2013.25,348,8717431.293789579,234289.98589548547,0,-0.3,0.9983536615138175,0
2013.3333333333333,340,8736987.234748147,235052.23697233055,0,-0.3566666666666667,0.9620014842338742,0
2013.4166666666667,361,8756606.652691027,235813.98666665656,0,-0.4033333333333333,1.0436701132142563,0
2013.5,610,8776289.598027732,236576.89442551,0,-0.39666666666666667,1.0382379755537818,0
2013.5833333333333,1115,8796036.167263702,237340.96024889284,0,-0.31666666666666665,1.0575479597521242,0
2013.6666666666667,1177,8815846.456904361,238106.18413680716,0,-0.25333333333333335,0.9983101580328556,0
2013.75,923,8835720.538712662,238871.6753658353,0,-0.17333333333333334,0.9939662002267304,0
2013.8333333333333,932,8855658.385482455,239636.5432125657,0,-0.17,0.99018498779096,0
2013.9166666666667,934,8875659.945265267,240400.78767700063,0,-0.26666666666666666,0.5556177223271916,0
2014,498,8895725.166112468,241164.40875913572,0,-0.4266666666666667,0.5710389435966462,0
2014.0833333333333,205,8915853.996075578,241927.4064589732,0,-0.4633333333333333,0.8945806656529812,0
2014.1666666666667,153,8936046.39349911,242690.15132358047,0,-0.2733333333333334,1.0207160771708683,0
2014.25,130,8956302.357899299,243453.01390001876,0.04,0,0.9622149461935222,0
2014.3333333333333,80,8976621.899085518,244215.99418829015,0.21,0,0.9679464355622994,0
2014.4166666666667,92,8997005.02686714,244979.09218839672,0.16333333333333336,0,1.0897165111776284,0
2014.5,100,9017451.751053376,245742.30790033433,0.04666666666666667,0,1.077009976331162,0
2014.5833333333333,190,9037962.076209942,246505.45255250027,0.06666666666666667,0,1.0614597663512666,0
2014.6666666666667,216,9058535.98592794,247268.33737329164,0.2333333333333333,0,1.028966966109805,0
2014.75,317,9079173.45855464,248030.96236270445,0.49333333333333335,0,0.9879188946203084,0
2014.8333333333333,384,9099874.47243748,248793.32752074063,0.6333333333333333,0,1.0381001699737182,3
2014.9166666666667,442,9120639.00592391,249555.4328474024,0.6566666666666666,0,0.8579923238439647,3
2015,267,9141467.040437242,250317.38908038373,0.5466666666666666,0,0.6801630694643214,3
2015.0833333333333,328,9162358.569705158,251079.306957385,0.4666666666666666,0,0.9095128292295158,3
2015.1666666666667,232,9183313.59053138,251841.1864784084,0.5299999999999999,0,1.0798698950687164,3
2015.25,239,9204332.099719469,252603.02764344955,0.6966666666666667,0,0.9838495400709026,3
2015.3333333333333,218,9225414.094073145,253364.8304525107,0.9333333333333332,0,0.989307972792716,3
2015.4166666666667,558,9246559.567943549,254126.50661267803,1.1866666666666668,0,1.0216205360199304,3
2015.5,622,9267768.505871337,254887.9678310314,1.5233333333333332,0,1.0646425502723205,3
2015.5833333333333,880,9289040.889944743,255649.214107573,1.8666666666666665,0,1.0471168821381909,3
2015.6666666666667,1283,9310376.70225201,256410.24544230473,2.1666666666666665,0,0.9551842124399084,3
2015.75,1537,9331775.92712593,257171.14264529533,2.43,0,1.0061715912690892,3
2015.8333333333333,2056,9353238.557878362,257931.98652661947,2.58,0,1.0572580862047938,3
2015.9166666666667,4049,9374764.590065897,258692.77708627924,2.6500000000000004,0,0.9356369246841396,3
2016,1465,9396354.019244935,259453.5143242704,2.4966666666666666,0,0.8489282776476885,3
2016.0833333333333,904,9418006.840972075,260214.1982405951,2.15,0,0.8657461353809923,3
2016.1666666666667,376,9439723.048380492,260974.74159255697,1.596666666666667,0,1.033153415138355,3
2016.25,224,9461502.62490955,261735.05713745317,0.9433333333333334,0,0.9021048061381536,3
2016.3333333333333,126,9483345.551575389,262495.1448752858,0.3933333333333333,0,0.9279675012324492,0
2016.4166666666667,45,9505251.80939414,263255.004806057,0,-0.06999999999999999,1.033415571716182,0
2016.5,60,9527221.379381776,264014.6369297626,0,-0.3633333333333333,1.069144054273088,0
2016.5833333333333,168,9549254.246616753,264774.18749023293,0,-0.5466666666666667,1.072601897699882,-1
2016.6666666666667,292,9571350.41242685,265533.80273129855,0,-0.6333333333333333,0.9916069933422664,-1
2016.75,313,9593509.882202003,266293.48265295516,0,-0.6933333333333334,0.9878410504023494,-1
2016.8333333333333,389,9615732.66133232,267053.227255205,0,-0.6666666666666666,1.025506699030044,-1
2016.9166666666667,411,9638018.755207907,267813.0365380499,0,-0.5633333333333334,0.9070822179931028,-1
2017,321,9660368.160156194,268572.5842513517,0,-0.33666666666666667,0.9281490551899716,0
2017.0833333333333,193,9682780.836254768,269331.54414497805,0,-0.16,0.850060310224621,0
2017.1666666666667,123,9705256.73451872,270089.91621893115,0.05666666666666666,0,0.9862170097149892,0
2017.25,95,9727795.805962954,270847.7004732067,0.2066666666666667,0,1.0048554196150723,0
2017.3333333333333,109,9750398.01694508,271605.4492387097,0.31,0,1.0368441871995226,0
2017.4166666666667,119,9773063.395192817,272363.7148463451,0.32,0,1.0698648316724757,0
2017.5,346,9795791.983776215,273122.4972961086,0.14333333333333334,0,1.0758342616140204,0
2017.5833333333333,617,9818583.82576552,273881.7965880025,0,-0.11333333333333331,1.0664522722250636,0
2017.6666666666667,749,9841438.964230966,274641.61272202875,0,-0.3833333333333333,1.0265659901900157,0
2017.75,593,9864357.417072318,275401.0395678306,0,-0.6533333333333333,0.9658489043707836,-1
2017.8333333333333,576,9887339.10150838,276159.1709950576,0,-0.8366666666666666,0.9898907521395276,-1
2017.9166666666667,616,9910383.909587665,276916.00700371165,0,-0.9766666666666666,0.7574978647807409,-1
2018,405,9933491.733358502,277671.5475937889,0,-0.9133333333333334,0.8555869756688754,-0
2018.0833333333333,224,9956662.464869404,278425.7927652911,0,-0.8533333333333334,0.8507078581569192,-0
2018.1666666666667,158,9979896.048809594,279180.6375836003,0,-0.6966666666666667,1.1086745379290126,-0
2018.25,268,10003192.64043092,279937.97711409203,0,-0.5033333333333333,1.002878475748424,-0
2018.3333333333333,254,10026552.447626129,280697.81135676836,0,-0.2233333333333333,1.107956704948297,0
2018.4166666666667,223,10049975.678287964,281460.1403116314,0,-0.01333333333333333,1.1593010156981016,0
2018.5,465,10073462.540308982,282224.963978677,0.08333333333333333,0,1.160175785218868,0
2018.5833333333333,658,10097013.070453484,282986.1217339038,0.22666666666666663,0,1.1294484884659362,0
2018.6666666666667,671,10120626.62097199,283737.45295331057,0.48666666666666664,0,1.0155722496204145,0
2018.75,474,10144302.372986391,284478.95763689326,0.7566666666666667,0,1.0022304907767208,1
2018.8333333333333,377,10168039.50761877,285210.6357846537,0.8966666666666666,0,0.9946445966310268,1
2018.9166666666667,332,10191837.205991196,285932.4873965942,0.8133333333333334,0,0.954825631877808,1
