"sample","sigma","kappa","W_max","n1","n2","K_a","K_b","theta","bNina","bNino","beta_out","alpha","delta","muEI","muIR","muRS","tau","rho","S_0","E_0","I_0","R_0","K_0","F_0","W_0","sig_obs","loglik","loglik.se","flag"
1,0.000162590075254067,3.9e-05,126.207536397761,34.6558301440327,0.119794349544107,0.201454837775696,0.807638396946231,5.41300650682395,0,0,0.00608816492066655,1.35410964318918,0.0166666666666667,26.7389004468511,19.0467652399737,4.10259450919646,0.00272743871242234,0.00745985235388555,0.913477604269972,0.00823980692571797,0.00902928197697174,0.0692533068273382,0.00690169577903152,0.00723697808750833,0.0395815851484127,0.485054665691417,-3272.41302243717,0.170803964762217,1
2,0.186865133502549,3.9e-05,2.694542088011,3.01129286889959,5.37321780397775,0.0743833286672783,0.894619853207325,1.44205487990419,0,0,9.6072844445145e-05,0.815218381823842,0.0166666666666667,5.15158269198045,254.083303706902,0.521835086469127,0.0007349590845643,0.00459868156294246,0.629861954218326,0.00335681567602656,0.00333849737182095,0.363442732733826,0.00210809444889009,0.00227760058423229,0.0154780051170097,0.223766721635049,-2947.80690761409,0.694821699813206,1
3,0.00253171633193028,3.9e-05,22.6983567089144,18.536023214051,0.999891648655921,0.0135350492784882,0.99443158215384,1.13177552478119,0,0,6.92019087847187e-06,0.721848390120269,0.0166666666666667,5.35916615238568,360.753514430065,156.680820553683,0.00136557090205219,0.0674573406470002,0.808610285872733,0.00592550011554655,0.000734141007809456,0.184730073003911,0.00395785679446378,0.00890423599142135,0.0291870777159579,0.696997350381588,-3249.81791226442,0.0262435874091333,1
4,0.0808832247645293,3.9e-05,32.1886011593283,3.6334881805237,0.704598507056852,0.0095511134495169,0.944389368913021,3.97011974656173,0,0,4.17692895493891e-05,1.06626263725526,0.0166666666666667,9.33406306479888,96.0073214100877,1.97917178946907,0.00150313633410665,0.0715504789729693,0.643828500451359,0.000313037112317685,0.00372843935258082,0.352130023083742,0.00934212031710626,0.00404428444773982,0.00217163335342655,0.345513782822984,-3012.21790335098,0.641225921933235,1
5,0.000185069539624549,3.9e-05,14.4559476761316,2.97646774665692,1.6355105398826,0.00926474170764545,0.589696285070343,5.89231953190841,0,0,0.00172342592766718,0.909986806258535,0.0166666666666667,4.73645442588284,182.700495096855,10.1085266363171,0.00676724464178278,0.0037950879924732,0.909940938138293,0.00726027672957987,0.00827591639957828,0.0745228687325493,0.00311882448777275,0.00569652374857381,0.0475658755178051,0.68282057660441,-3312.78761734483,0.00991469998828827,1
6,3.50105403747222e-05,3.9e-05,0.198986462043194,2.49483719380391,2.17112950836527,0.0267013543680306,0.984999443846152,4.63987238817078,0,0,7.4135574148599e-05,0.870903079018225,0.0166666666666667,8.28726135595952,656.835649761305,5.78681976887021,0.00269127943219459,0.269444557564222,0.648425437906019,0.000173597602031352,0.00112353501530854,0.350277429476642,0.00734337321247673,0.0090953964274666,0.0231609107413476,0.693224744567825,-3223.14097970471,0.0464260492420421,1
7,0.000626917007554876,3.9e-05,1.28997720914942,0.00747842371936408,29.3955949185488,0.0128443686628511,0.996033319309612,3.86638848671109,0,0,0.000655127562542717,0.765192842303043,0.0166666666666667,5.05409134800549,419.470055927373,0.177195694035336,0.0027103006818304,0.0155516041141402,0.782913697587519,0.008950732907468,0.00483067928837757,0.203304890216635,0.00958439400488024,0.00330395983768135,0.0304904020787016,0.732675069871703,-3194.98282159909,0.0127826792699136,1
8,0.000207491804502475,3.9e-05,175.158331207666,1.49888049841937,10.3663457073879,0.435107841974027,0.996643564443706,6.3455002374814,0,0,0.00199344623694464,1.33693963819187,0.0166666666666667,33.7607722401382,42.2628863703292,38.522043501473,0.00268232754895269,0.0195459697957027,0.689399472028703,0.00219873995786628,0.0065988730066362,0.301802915006795,0.00552065533951883,0.00744641582348978,0.0107563568690493,0.607065743164467,-3183.38044484553,6.77240680370136,1
9,0.261179489760739,3.9e-05,45.986060175446,2.66642507100889,0.25992892979872,0.0115708751042912,0.969789024818276,1.95214973111388,0,0,0.0171336768830595,0.482506175684966,0.0166666666666667,6.55833212064506,95.7932586123313,318.81730240707,0.052143586865113,0.00106340658143743,0.696423748300035,0.00293808613943993,0.00372200585551549,0.296916159705009,0.00599428900507309,0.00643198500162097,0.046195727528613,0.22426469788484,-2902.34923110318,0.552113191578897,1
10,0.229110405906503,3.9e-05,8.70728279581143,225.998005463026,2.61335142347269,0.160236163646021,0.972499496794563,3.90999262550081,0,0,0.0315301093257238,0.819180392211167,0.0166666666666667,6.09011240999096,48.4622188503224,6.10460610200044,0.00569566247977717,0.000945441447937107,0.85231466695275,0.00995674465562008,0.0115326534559156,0.126195934935714,0.00157162479145515,0.00209402888100144,0.0160688534910716,0.201398547713301,-2929.14205757395,0.713924045521816,1
1,0.30309111183892,3.9e-05,10.5798929750727,4.37059385370335,28.9503752521746,0.176527019205123,0.997080878451674,-1.69600901283027,0,0,0.000480207853981152,0.421871258589319,0.0166666666666667,4.53161691538975,9.81692297141651,220.345306536807,0.00336688170938604,0.013874266487941,0.825174285093389,0.00130204199562124,0.00899679886397664,0.164526874047013,0.00359280556807279,0.00887469387377014,0.0188373729483815,0.291393963053762,-2950.22855512217,0.64892824631223,1
2,0.237106870985765,3.9e-05,8.84730577441087,16.3757049452464,9.83866231136872,0.471084391913705,0.908614730359067,-0.328112597414328,0,0,0.000238719282476726,0.794078164718819,0.0166666666666667,5.28748997738906,13.3648836530033,0.307373006880155,0.000823631016712197,0.00333494618260121,0.653100846552021,0.00441174145012174,0.000933359225518294,0.341554052772338,0.00826265113939213,0.00375406022465381,0.0435203643875132,0.229102287067083,-2943.62745917717,1.22390925492554,1
3,0.00171751957724243,3.9e-05,48.8703983648811,0.805246969050299,0.73987310480994,0.137524272215531,0.978320716119248,2.69975201969321,0,0,0.00067473451285536,0.794994211863302,0.0166666666666667,6.22106807952309,74.7483668545399,1.4946018236674,0.00270373583417688,0.0272551747606147,0.793238647623796,0.00271149924392066,0.00268209242756687,0.201367760704716,0.00566847919430705,0.00631481683423738,0.00607200379893143,0.617079223985912,-3194.98151108223,0.0994618258171088,1
4,0.00201255540657078,3.9e-05,72.1459055528479,0.189226884343237,0.0368030870837873,0.831211778835875,0.922618681495355,6.05223012497415,0,0,0.00249991177528061,1.03138625500614,0.0166666666666667,14.1330311714461,171.439548860701,0.251339342642492,0.0027026326846338,0.012972589389444,0.556389697711975,0.00641851148974559,0.00720128217089981,0.42999050862738,0.00110192348999622,0.0020432800982785,0.0322576166764081,0.555230183087801,-3149.10989556831,0.149286361261741,1
5,0.285822501591512,3.9e-05,4.87055988008961,7.14116306638902,0.726336508452332,0.00626217160445849,0.99838802645982,-0.24512989949158,0,0,0.0090021374434368,0.432330082119737,0.0166666666666667,9.38207257722458,7.03287827510017,79.4058999479353,0.0908306306855502,0.00474950831812722,0.624365030763174,0.00143107253399534,0.00473245784860282,0.369471438854228,0.00988717039797213,0.00473941292297166,0.00293030083412329,0.188963748834507,-2882.72218686896,0.761308465763851,1
6,0.000187851214908782,3.9e-05,68.7166182458919,0.606594754937311,8.20157629267121,0.737234177423519,0.996159677326905,3.80149744916818,0,0,0.000697693442075882,0.900489554713525,0.0166666666666667,13.5210032546755,67.0077756889236,0.549342744463604,0.00270908579839967,0.040570839191842,0.869886533283753,0.00527758661484705,0.000494095603340167,0.12434178449806,0.00502079069740471,0.00854128318881511,0.0283155616735369,0.682398123099857,-3192.37137526755,0.0312935332981272,1
7,0.22032344824333,3.9e-05,5.74983600845124,88.5253271289128,2.45949356193481,0.127453007877025,0.920525095315268,1.50500909308518,0,0,0.00152493446714541,0.505566124412054,0.0166666666666667,4.64528694744617,26.6068052463026,1.82797773713584,0.0142747292173924,0.00296290993741539,0.759216567300931,0.00346160639914127,0.00314285762745704,0.23417896867247,0.00297356283568501,0.00243640508517286,0.0140799107952128,0.262853941398645,-2947.10943953759,0.446361111687562,1
8,0.27353962578801,3.9e-05,16.0432068844679,3.67011192440153,0.0667415073222908,0.01512259567281,0.995819212592971,1.13991984882447,0,0,0.000179501986608987,0.478955651380829,0.0166666666666667,4.59657897547598,4.07362310233193,0.412371392022777,0.0186653225988563,0.00106930188929493,0.942814459403784,0.0124805675277537,0.0116816397488658,0.0330233333195972,0.00717910566484689,0.0062751601915139,0.0399731254274666,0.27875257975777,-2955.26897507178,1.06935112298119,1
9,0.000860859843183883,3.9e-05,165.477250216817,1.47635578802194,0.228462791686869,0.475603770452591,0.999962689139067,2.63919049894743,0,0,0.0108273543015878,0.724468819940131,0.0166666666666667,19.8711852279772,155.521086886022,5.66560327555522,0.00269316928191758,0.00330777491027112,0.700700665152221,0.0103765946947475,0.00560153074768423,0.283321209405347,0.00436157715482371,0.00575780964153873,0.00989649879080227,0.557309321183456,-3193.13559483024,0.325086220311258,1
10,0.230090257124947,3.9e-05,38.8174132887664,0.747900882904253,2.89315224211145,0.00049680363410476,0.990956990240306,4.41172206752151,0,0,0.00132766832637326,1.0493130742144,0.0166666666666667,17.2225022981381,26.1408532013343,0.317991872207081,0.0942590513737236,0.0286417427697584,0.622927824748886,0.00182576881685925,0.0074508698902031,0.367795536544052,0.00833097450372565,0.0012674753260119,0.0346419208971692,0.214899608007935,-2927.07947246871,1.08617475120703,1
1,0.175744163647888,3.9e-05,10.5523177869137,0.602191355237848,0.205095592961211,0.00536266591719855,0.703274146432749,2.04872628662055,0,0,7.72822939824355e-05,1.12376961881576,0.0166666666666667,7.50095404205339,98.6938674542062,0.113230112668388,0.000407489295140036,0.00387573972625974,0.737680515741468,0.00143273521642136,0.00324745019371261,0.257639298848398,0.00805211722914076,0.00590602946213984,0.0333376685670442,0.185467418399514,-2921.52798259982,0.982331748133889,1
2,0.259354550182863,3.9e-05,4.33554077174403,0.515472666722361,2.38634809109962,0.000917823716828813,0.998771658473597,2.04667403024464,0,0,0.0794310749860598,0.399557603689631,0.0166666666666667,26.4354932264129,180.354766128931,1.27027268691903,0.155630268294948,0.000533959915704358,0.886285059056046,0.00819128466954643,0.0114234999429697,0.0941001563314378,0.00357290470708788,0.00140867884890575,0.0078805913195716,0.146887455697842,-2892.25687666878,3.12199660889973,1
3,0.00146125944401084,3.9e-05,152.066353949784,4.48476571906609,0.537971386720726,0.231005520523543,0.971239420751952,4.3581714391472,0,0,0.00452587208665263,0.968834110687456,0.0166666666666667,15.7199875146302,103.03989016804,1.04016737275258,0.00270731102458137,0.00719314525458328,0.827559685250511,0.00637232645765962,0.00356173923198984,0.162506249059839,0.00731943762665395,0.00251352577393506,0.0398321520386789,0.57255576324046,-3161.01560828418,0.171762940790121,1
4,0.00374922172160334,3.9e-05,113.488943241076,0.983443526816053,0.0907837616643827,0.0737953414578994,0.86300379516401,3.26511897472593,0,0,0.000186242999538661,0.790443693528267,0.0166666666666667,7.18158998140638,425.512250250908,88.6074366492581,0.00262416656244458,0.0825456670543438,0.718222928430439,0.00047317946184976,0.00567043937452169,0.27563345273319,0.00248995811857651,0.00693063067910845,0.0147631523246296,0.583274169870862,-3183.64853039469,0.133424152125814,1
5,0.265646275426219,3.9e-05,10.6336765075298,11.8390655030334,1.86883290858329,0.0034409103230311,0.998219058992056,-0.165044633346215,0,0,0.00120967485751405,0.598174037651395,0.0166666666666667,6.57770178541847,760.163317111847,1.0426914675515,0.000614566445356871,0.000546753918869863,0.961559981241582,0.00929551774816063,0.00672855924604353,0.0224159417642139,0.00522672508562443,0.00418538400139503,0.0297272523728478,0.168664988692106,-2925.24656536688,0.557616990442218,1
6,0.00473893379454904,3.9e-05,117.146116425493,0.0596707461229386,0.209055598614532,0.0935051238826463,0.996860221563726,3.4241736898716,0,0,0.00419916116159524,0.949893870493294,0.0166666666666667,11.6601648406159,36.9707770938748,2.78208324510303,0.00266597927326476,0.00579906018252641,0.681503920153836,0.00384382657407626,0.000821471233319531,0.313830782038768,0.010147942130708,0.00819069604959115,0.00157028603181248,0.609042229624702,-3168.22399047708,0.111399968297523,1
7,9.26392236385193e-05,3.9e-05,147.022448206537,0.844351055005623,0.490561510046711,0.309871178077953,0.908391679100595,4.89346589241755,0,0,0.00105492776232041,0.945012328858872,0.0166666666666667,14.804077758172,354.926040245155,10.9983254485359,0.00269996835465989,0.0330671394161243,0.859182547306076,0.00817304645119265,0.000975771158734054,0.131668635083998,0.00143492613417412,0.00890004445710102,0.0503548663676301,0.641127335914099,-3188.72147213723,0.220164771153843,1
8,0.186041461855504,3.9e-05,72.8714717428525,0.187836250244519,1.03041104048948,0.525437461218425,0.999963034243375,0.962802980024132,0,0,0.00024277295784979,1.21896899296643,0.0166666666666667,8.67852435362799,10.0899688282899,16.4502568160226,0.000649839721965058,0.00351929227067865,0.706458074103981,0.00247906616245625,0.00453765030810822,0.286525209425455,0.00558528763122549,0.00455144966850181,0.0240089154910318,0.13376352341667,-2941.8681521787,1.7191744631858,1
9,0.27056290863871,3.9e-05,0.347865430827048,3.55784009261757,0.174161343603057,0.00147188959470384,0.994154682180991,2.0196489350876,0,0,0.000145900027493677,0.768372027121909,0.0166666666666667,5.05683464188238,1.77921568317717,1.83466985037022,0.0892797956691721,0.000681398592237414,0.985615731672614,0.00551533103377047,0.00790102221937672,0.000967915074239198,0.00802632933169544,0.00684832502511588,0.0375746744959492,0.249550144364447,-2936.88352107439,2.40417601876537,1
10,7.56896701683863e-05,3.9e-05,109.079873371962,0.628415678629952,295.988680506956,0.194366278255891,0.999850348926801,2.88362325749301,0,0,0.000577094887027534,0.975853459601582,0.0166666666666667,12.7246795764864,31.1263332477398,0.510756812331408,0.00267784806056859,0.056642000599766,0.697882110368084,0.00103837812940286,0.00341717867921891,0.297662332823295,0.00385449456915375,0.00265086690669602,0.0127626206011275,0.678225877911045,-3177.93073092891,0.0117326115687785,1
1,0.0013497357405646,3.9e-05,67.4775105574443,3.19426960999865,9.5044246474197,0.544193513658665,0.995236361144963,3.04812877715764,0,0,0.000230909714598151,0.803284320786032,0.0166666666666667,16.4483442205257,331.523911138804,49.7837708169128,0.00267432202826299,0.131088752631911,0.665325263182926,0.00101395565030214,0.00671509668606024,0.326945684480711,0.0072040535738638,0.00949568311284565,0.0429318290593928,0.597187912616312,-3195.08799543506,0.0749676725141921,1
2,0.0265669631288447,3.9e-05,22.5980621290247,6.07145816443025,10.1134467100295,0.00722411606970038,0.994492089213983,4.63820670915571,0,0,0.000117374412547042,0.872581421771705,0.0166666666666667,4.84712088430396,202.163326860828,0.478376366300434,0.00678347141714036,0.0429507426517997,0.737586991007736,0.00666832358975727,0.00506776596371968,0.250676919438787,0.00199762431293269,0.0059537037490315,0.0181193701542448,0.616415742734944,-3238.82069520935,1.27429804668777,1
3,0.198685133355386,3.9e-05,6.00298703882351,20.5373996740114,133.781782056658,0.00293366278075188,0.997472958847342,3.6038133980781,0,0,0.000756235347478905,0.571919976031586,0.0166666666666667,3.78039520906984,10036.7637452669,6.99176521108008,0.00702010816885003,0.00129699118068337,0.918272342229943,0.00745230228417041,0.0127065175923297,0.0615688378935571,0.00988740951996658,0.00411531835577827,0.0257557615762256,0.287814668433778,-2946.84834017541,0.656093827321981,1
4,0.0103817718025183,3.9e-05,15.7267263422074,15.184633466709,0.341998217152896,0.00302560582417326,0.689382894323464,2.66455887167833,0,0,0.000107605825553677,0.70797035329424,0.0166666666666667,5.92398146975822,418.7909401886,0.578365332147223,0.0025749627903729,0.0547335781704361,0.759707116144817,0.000186915209787204,0.00275925349912778,0.237346715146268,0.00546136884281624,0.00982460417126431,0.000882163813730866,0.58670377861388,-3178.10169506501,0.300585771033983,1
5,0.000335285586565916,3.9e-05,106.316929686259,2.03232524273806,8.5562762383859,0.334146415436784,0.999765678435723,2.80222199201746,0,0,0.00446917549541261,0.986798519176254,0.0166666666666667,23.7028492920297,28.459530988032,0.124844234821784,0.002681159725774,0.00958576203973396,0.816059319031118,0.00812937217515828,0.000844110958882159,0.174967197834841,0.00307190540069094,0.00199995480365771,0.0352582580242127,0.6608854272786,-3180.51554991778,0.0912361470997766,1
6,0.000487811779020381,3.9e-05,177.433318552196,3.00531774347189,1.34006343310249,0.324593210598549,0.855747465179274,4.24411320273708,0,0,0.00410443956089782,0.970376339504996,0.0166666666666667,27.8721090181403,93.1001978264632,0.28745617232633,0.00268727228195939,0.00890068664017861,0.525665923954016,0.00268952846239605,0.00642328906100692,0.465221258522581,0.00810268304684587,0.0066465700695724,0.0136930357505372,0.556041570505914,-3166.00987973222,0.255398542280109,1
7,0.219718753292696,3.9e-05,22.4914278182317,0.587553041136415,2.47153791470044,0.126774273436818,0.953698248289117,3.24240289938521,0,0,0.00120528642488513,0.487927812916098,0.0166666666666667,3.99213974076964,3853.00493577719,0.779810059840407,0.0130803659495759,0.000940937366613231,0.532054138342272,0.00659159315117812,0.0070927878609439,0.454261480645606,0.00388343513939918,0.00919663704225984,0.0427441686854545,0.287796903825548,-2952.26975461153,0.588661083984328,1
8,7.07115095733069e-06,3.9e-05,108.540045176936,0.239233310714235,62.19153053901,0.0297271266827264,0.999791835056187,5.94682538911465,0,0,0.000132441027666832,1.00260289889412,0.0166666666666667,11.3512046822981,5684.85313838519,0.539187756080109,0.00271525080403344,0.176129657544758,0.805995655268992,0.00196447397346359,0.00255490366322515,0.189484967094319,0.00858175173505635,0.00523465326291997,0.0170711314091314,0.620314952369186,-3193.73455725531,0.0996003695794915,1
9,0.000584542062039561,3.9e-05,143.137076302001,10.6591754716084,2.46899772194751,0.00466436687778405,0.998033299282408,4.15632979128289,0,0,7.54080158049957e-05,0.740681854519237,0.0166666666666667,5.39054852033825,1141.54601915697,0.253633193944673,0.00597667318654676,0.00949400687663105,0.757166371939161,0.00730932291477035,0.000212573421653651,0.235311731724414,0.00594143013707025,0.00719749975014722,0.034032587058173,0.667021368490114,-3197.88004757729,0.00613280960401548,1
10,0.000378973682518528,3.9e-05,20.8746726272507,1.14507498238206,1.23313293141099,0.00289377496476851,0.966519912180724,3.24226462306107,0,0,0.000196876744577756,0.788273934534833,0.0166666666666667,5.02531694660997,465.044226288767,0.00497197669966612,0.00165479753804034,0.00964170032948631,0.897114125707237,0.00564618605008842,0.00715240197743877,0.0900872862652359,0.0013941960921782,0.00239153524379801,0.00436082723081488,0.651895308835154,-3324.22357332027,0.0107129917832836,1
1,0.000168155077369222,3.9e-05,199.58469348848,1.01113794279954,0.138180001802342,0.514277701971676,0.804737079494356,-0.347857933398037,0,0,0.00429788017586282,0.475827671930535,0.0166666666666667,21.7241696942813,50.68641371203,8.41437384608464,0.00268766190306015,0.00888384930389727,0.818519714487701,0.00376169653524316,0.00191472501060395,0.175803863966452,0.00909675046483374,0.00145938871394023,0.0430125614503847,0.609489971343203,-3199.12559566092,0.0148560575252199,1
2,0.0188760949297302,3.9e-05,1.22731504094481,0.312885124189471,250.031353775112,0.0145126419628698,0.999160519550282,4.5659636821577,0,0,0.000967823808343317,1.00276072996466,0.0166666666666667,7.82017157740972,82.5478220222068,50.8828106867677,0.00228552080722489,0.0156093841506923,0.71329723948245,0.00608874819515792,0.00474341964077687,0.275870592681615,0.00445330012594189,0.00590027602483691,0.0246705616793346,0.588858085274466,-3216.80239999059,1.11571196462305,1
3,0.242772948519982,3.9e-05,85.1214797540856,2.4883949172271,30.7147803218607,0.296481817089031,0.997661696916418,0.851078475583874,0,0,0.000609000546614351,0.982133655870643,0.0166666666666667,7.34393628811711,30.5727586737611,4.2108863636809,0.00113861576692397,0.00407650117702101,0.975291936831284,0.00099975969179829,0.011173734248587,0.0125345692283307,0.00234532908625067,0.00361276012751183,0.0340419080017581,0.151273451120374,-2912.06349996546,0.560363440576498,1
4,0.000660409870955472,3.9e-05,226.534093664613,0.305419844028877,0.70406840935247,0.343041986184393,0.88804346042564,3.23803911387273,0,0,0.00184466344301474,0.915929244375629,0.0166666666666667,22.2857699998181,53.5096114913948,15.2050944413114,0.00267544481820723,0.0180039819151794,0.631347466654709,0.00677941647971328,0.00531642254858011,0.356556694316997,0.0077109539708387,0.00878926178289844,0.00964746202842382,0.581973393299178,-3195.19847347976,0.475827981365206,1
5,1.81613253461444e-05,3.9e-05,77.1744402733606,2.60689125672939,7.02583780454553,0.706224564372682,0.998677755311434,1.49851874007614,0,0,0.000376242275220535,0.970927184752163,0.0166666666666667,11.7757570987817,34.3058994859373,0.215966465234482,0.00106979055321229,0.014342350397492,0.648545751379717,0.0037130574628871,0.00456296347006782,0.343178227687328,0.00649480871228296,0.00655053520725135,0.0124894527139149,0.710763654823271,-3174.80066556776,0.00250278208196518,1
6,0.000517874351492698,3.9e-05,135.464304083961,0.404552931001311,3.02843410996062,0.794991077140397,0.922166628502837,5.45860376377567,0,0,0.0171719213915766,1.07945493663899,0.0166666666666667,23.3783195828806,77.9028346882179,2.47404611980227,0.00266806504675642,0.00173404698265462,0.790704666435676,0.0136238453808978,0.000718992227489074,0.194952495955937,0.00170210121261252,0.00168665644495953,0.0353211005467821,0.662022878788101,-3185.6929358491,0.50643729727533,1
7,0.241720008456718,3.9e-05,11.7232674517319,0.023985307617086,7.38076230038676,0.480876570181266,0.993122363376948,3.09514340538938,0,0,0.00365921362294103,0.700257064434296,0.0166666666666667,6.69314426576982,244.348023703883,0.455341846055953,0.00319149781953848,0.00280545163085685,0.721486794782114,0.00191338110700102,0.00323064987033845,0.273369174240546,0.00404500428715496,0.00794662336061967,0.000105095014783314,0.193475636100671,-2928.0597170866,0.490421151027149,1
8,0.000329175514211124,3.9e-05,22.8856334908922,3.98292081242307,7.71088233471092,0.00744291799499687,0.988672998326349,1.46945152483724,0,0,7.57704324895875e-05,0.742154872680391,0.0166666666666667,4.43967724143786,192.225608422207,88.206176724085,0.00141988681375574,0.0117601196673709,0.983085113364392,0.00627881577044835,0.00791695410523417,0.00271911675992576,0.00805704066631569,0.00409871309849619,0.0261670374799663,0.64128055387787,-3226.90905372564,0.0100915734862226,1
9,0.00700547593735199,3.9e-05,12.2414507828957,0.111362008030329,0.0572567332904809,0.00687569447428478,0.976946695839781,2.17040092672632,0,0,0.000126921445155655,0.854692014116151,0.0166666666666667,5.52188806078384,538.359287051845,2.03694260701055,0.000876753003895147,0.0122719895844215,0.855827065779738,0.00414337574745102,0.00333418465324901,0.136695373819562,0.00287145306312276,0.00458083891378941,0.0171733473990689,0.70472321842399,-3201.18695596271,0.0232133563154928,1
10,0.260832200109303,3.9e-05,135.788236275584,0.253442226934714,0.565327117299368,0.293314297604077,0.978640338756552,0.606548054415247,0,0,0.000290437215676597,0.606933400300536,0.0166666666666667,7.55109212182227,6896.48390968651,0.794671648618287,0.00220873484956768,0.0312932309909391,0.641530462870539,0.000301719834977488,0.00766475074723688,0.350503066547246,0.00724573392749534,0.00917155060744881,0.0449380769761757,0.171686741964626,-2922.82281301559,0.696586149572757,1
1,0.000921800733807509,3.9e-05,19.6159721178702,17.7078861787951,0.548696973140603,0.144624060822681,0.991989347000863,6.03928292166671,0,0,0.000487548709654283,0.981630419241716,0.0166666666666667,7.62477347185202,1473.69546938613,0.928589863227594,0.00267850569795984,0.0412771523022695,0.785020155044474,0.00572394380410022,0.00195459144940291,0.207301309702023,0.00481092765387535,0.00531068424192191,0.0385325139530603,0.706999000742904,-3212.96716382961,0.0487993026330781,1
2,0.247929678995396,3.9e-05,1.29170617190436,42.7332489503969,3.81370912530434,0.11332755555558,0.984496905449032,2.4263658349827,0,0,0.00036243486754464,0.881632421246312,0.0166666666666667,6.2094865486549,48.7131697243743,28.9608451652642,0.0021798421063969,0.0158453553786843,0.949820461124346,0.00375994359967383,0.00971093327261564,0.0367086620033642,0.00930506599635203,0.0100562101510261,0.0147883147255885,0.302225381035595,-2969.32116781683,0.196894184228029,1
3,7.10509116713029e-05,3.9e-05,146.486349596388,99.4027047361148,0.111887085555971,0.183844995431098,0.975852229608344,1.68088876302146,0,0,0.00173407120775921,0.765041708870302,0.0166666666666667,15.0440511868709,47.7406588829815,13.4572569698137,0.00268512883691783,0.017821969982202,0.579069929331935,0.00538001845761768,0.00530093108535567,0.410249121125091,0.00721399128176589,0.00336415663930033,0.0257514663863331,0.6473758568223,-3181.78336300874,0.0164813935874851,1
4,0.00138394603513356,3.9e-05,58.8591012833142,0.226604601479445,0.0805802181032145,0.581187231957604,0.5168169228052,3.34506241829255,0,0,0.0065985632733058,0.673256786856641,0.0166666666666667,9.79080619368191,357.239809805762,0.441766566388837,0.00269753120786878,0.00540813425110984,0.829971497455286,0.000660171386506478,4.80793036516148e-05,0.169320251854555,0.00249958148310514,0.00792573833864963,0.0025341149039999,0.675280408308592,-3197.13352863889,0.0455152279689071,1
5,0.231586341917509,3.9e-05,24.7417387888713,0.0875386906139097,0.706321284126786,0.238242471176911,0.795050235585236,2.65896356553677,0,0,0.00106619638224735,0.805699686584987,0.0166666666666667,7.64304386885495,162.476057606991,0.316217735724264,0.00200897480598376,0.00553133966718064,0.738861013071035,0.00713125174560445,0.00318107494981561,0.250826660233545,0.00926675692459327,0.00795317220282588,0.030979515356749,0.286487036339998,-2960.58884259809,0.968717507720553,1
6,0.208219384708021,3.9e-05,30.6606805886943,11.5056770713193,2.99151721248623,0.00207348576029331,0.961866342264837,1.77655242266233,0,0,0.000258085173252617,0.969174766405733,0.0166666666666667,6.57287436028521,86.4776915154246,1.04687299048393,0.00104365745836414,0.0055821575390281,0.523420879930415,0.00383699523039769,0.00839794442455054,0.464344180414637,0.00424485110328635,0.00416196850213167,0.00600626286274055,0.203151939947769,-2944.46299432624,0.759150116195124,1
7,0.247662253734031,3.9e-05,5.74439906730147,37.9660167364636,0.686754532233506,0.134724245642518,0.973272498816962,3.17786173936851,0,0,0.000556119313601919,1.00879112277833,0.0166666666666667,8.87438338132695,78.1445004502049,0.125851316704749,0.00178143347061994,0.00972849546907157,0.836774676535403,0.00860808650780383,0.00797987073318436,0.146637366223609,0.00202427016255572,0.00580873440582433,0.0418318761550913,0.227261135438873,-3000.89753178583,0.502197780608061,1
8,0.000549123690718198,3.9e-05,152.8827777267,0.228351778280765,10.0518494071913,0.905427903319138,0.999763433786575,2.52059564080342,0,0,0.00111320766604439,0.694257385388816,0.0166666666666667,18.8149446624276,4397.01409744579,6.43145090504181,0.0026517995345672,0.0339581512582084,0.705931204177529,0.00114718291966171,0.000538563551119516,0.29238304935169,0.00648238949022826,0.00155225721568543,0.0167143672141486,0.6480855215169,-3181.84772550758,0.0434884267072752,1
9,0.231647486559104,3.9e-05,21.3303843020273,6.91456520899869,30.9999712332418,0.0130932803225126,0.998428514531765,2.65090451149684,0,0,2.42502809914783e-05,1.10709806407098,0.0166666666666667,8.85662011331751,453.562921306399,0.872839347768904,0.000524874746512029,0.0220247747979545,0.674236602180603,4.58137403738671e-05,0.00478115164961074,0.320936432429413,0.00563142693190285,0.00251167247758628,0.0351296605395838,0.101397700488307,-2911.88458025663,0.563126709321607,1
10,0.000234131470504622,3.9e-05,116.110149217896,0.274001958807264,0.149545109790742,0.1871305813146,0.768245776979464,3.8921789671713,0,0,0.00279462600434309,0.815736271863879,0.0166666666666667,14.6432295391837,333.433897610197,15.7857552709425,0.00266844736375015,0.00973060334303702,0.76575777048483,0.00586634003824752,0.00250718478389654,0.225868704693026,0.00929550503988923,0.00748831650337467,0.0111173906452187,0.640707121124513,-3179.6780231336,0.0825082147212891,1
1,1.07367591581474e-05,3.9e-05,166.825883170403,4.29930460041371,4.30215440039822,0.107677243614951,0.999948484989116,3.75906240408114,0,0,0.00249173114717029,1.08122764189632,0.0166666666666667,18.8955494946715,23.129329830435,0.37667213188109,0.00269557394627051,0.0119507681850092,0.55806704168932,0.0022546989343522,0.00915227876489788,0.43052598061143,0.00756987320441575,0.00162831611297423,0.042555304532795,0.589736066242725,-3149.64992803522,4.89367757902241,1
2,0.0112903576054925,3.9e-05,25.0999594800888,0.190590232319421,1.07563765715764,0.0109313044812614,0.895001493584176,4.83110283901101,0,0,0.000160338956122093,0.889454203523349,0.0166666666666667,5.13331147891669,549.557356241159,2.36911560531992,0.00237242353592481,0.011799171650576,0.81280519179284,0.00627096216045571,0.00461963346386121,0.176304212582843,0.00267581883258769,0.00558812670770857,0.0208737004692171,0.55675094747554,-3205.00158256646,0.691294109416435,1
3,0.000732679240513845,3.9e-05,206.696408908322,2.27006307632897,0.497145316115426,0.546409448467293,0.412885300120287,3.8177706256211,0,0,0.00468855960702748,0.984466453749452,0.0166666666666667,53.8511477844367,20.2000763796826,0.224879793001302,0.0027025216666383,0.00891461286483746,0.719556087284121,0.00374769602163979,0.00165654797281813,0.275039668721421,0.00509164735276564,0.00352737755924551,0.0319780954176483,0.582668932158553,-3162.66991297983,0.204384200177003,1
4,0.000689934311374848,3.9e-05,27.3288388565761,49.6612341413532,1.09269886658983,0.00311138187936565,0.762875735721719,4.98862564918319,0,0,0.000493278930895087,1.26208333604454,0.0166666666666667,4.58706264055835,463.814963015923,0.17910992710748,0.000278026433156307,0.000831844314599684,0.899192873877282,0.0134490337843894,0.00949573320086829,0.0778623591374601,0.0100056158616195,0.00831849585408745,0.0060555269478164,0.76149314420427,-3232.14541567898,0.0134524375388495,1
5,0.190256981289543,3.9e-05,35.6781290162104,4.86526919164011,0.563267962230623,0.00444283947086283,0.99725641195041,-0.734167173420871,0,0,2.41752431477887e-05,0.794110688505119,0.0166666666666667,7.65973125261106,455.951560303292,28.4323516946078,0.00036274609193273,0.00626504277705059,0.948855738155953,0.00040743068262179,0.0108681472020566,0.0398686839593682,0.00171965297572679,0.00682738940090961,0.0263372502658033,0.167384481510712,-2912.24588827145,0.311009256137107,1
6,0.202859973592783,3.9e-05,20.3451488158983,26.4147253313958,19.793307353345,0.0129722860643308,0.998533164326907,4.86874019873297,0,0,0.0201998135107746,1.18664220834318,0.0166666666666667,9.1984552405072,70.5298392283141,6.70778322365383,0.00318564888400628,0.000906338093841225,0.748508699836096,0.00436603077154881,0.00324943703784661,0.243875832354508,0.00664488952966502,0.00204283750295147,0.00302746803967776,0.145399290633115,-2911.81318712577,1.80580807067502,1
7,0.564449607920934,3.9e-05,32.0362573299867,10.4117508371532,105.861562306476,0.165686395147315,0.997019735213951,4.9997129660783,0,0,0.0631456517206353,1.75232546007581,0.0166666666666667,10.4311087782998,2.29458150317085,0.390135103916196,0.198914530421464,0.00103442504767946,0.851860261034432,0.00277260433454691,0.00149296281447925,0.143874171816542,0.00829222914427626,0.00887816585487611,0.041361845887787,0.226597858911439,-2902.32589918651,1.35718875209149,1
8,0.000108620466988048,3.9e-05,218.213658826908,0.457183998458933,0.565248657570108,0.412971722517811,0.976704360507874,2.63209308713408,0,0,0.000941010496664287,0.749987663864881,0.0166666666666667,14.3581922536841,157.609170723227,0.170391268688755,0.00270551828685129,0.0377305052024245,0.554579845074901,0.00762026858238324,0.00644307501856863,0.431356811324147,0.00454389377646861,0.00384786524776053,0.01349288797452,0.533006614437368,-3208.93137467634,0.301080638646129,1
9,7.49590292692624e-06,3.9e-05,30.6433783910194,12.2670698295994,0.925377939065102,0.00841077530829339,0.890708083275293,4.4310392393949,0,0,3.13785844006618e-05,0.815873471929226,0.0166666666666667,5.00275225689036,819.053284218834,0.453178405118247,0.00260289717176787,0.00918437905734628,0.545115237352269,0.00917779675080873,0.000382213445607005,0.445324752451315,0.00841822858944562,0.00331855881781958,0.0335821164419715,0.620731339433243,-3213.01197829679,0.141308799673139,1
10,0.00018085158754669,3.9e-05,170.937122042494,2.72990222229107,1.78610214497839,0.505143803048667,0.970755510459275,0.100901625100794,0,0,0.00331417911270467,0.738868643218218,0.0166666666666667,17.8241245056347,8.29022178074394,23.072501672454,0.00270162353203639,0.0126230944745268,0.887779013360395,0.00439694546787938,0.00591898123577438,0.101905059935951,0.00330026168393436,0.00831014234491725,0.00959896431748812,0.685176631012583,-3186.74889067431,0.0294141594789706,1
1,0.268173877484878,3.9e-05,0.7496194312366,1.80423162897145,2.16879511430949,0.0435448311540654,0.992875475949959,1.44389185103784,0,0,0.0016918539920918,1.24006146164212,0.0166666666666667,6.38153071408723,6.13267406184526,0.791656614146361,0.00112206178687873,0.00116687855336044,0.643063255178829,0.00505355118248267,0.00203936324805518,0.349843830390633,0.0040081729371436,0.00154685309400772,0.0200408056820479,0.194940096608582,-2917.77710949869,0.672962982549994,1
2,0.00015472226543045,3.9e-05,72.1230393896388,1.60931621132425,1.14376451899145,0.277276178678411,0.83447361272993,3.16166038784669,0,0,0.000812410876776988,0.869746851132957,0.0166666666666667,9.59107592480654,59.4593105446344,2.76519237724867,0.00271926967346689,0.0378747274062804,0.838006080360793,0.00174902267874314,0.0105589011451404,0.149685995815324,0.00966637152891796,0.00611430280202699,0.0395613424485743,0.645321982787414,-3191.9663141083,0.014061345651362,1
3,1.06451278904044e-05,3.9e-05,1123.91645990504,0.796585187034793,0.531589266770527,0.741268246466642,0.920058392937794,4.56637367845209,0,0,0.000128231395180564,0.935940925657996,0.0166666666666667,2956.37606350512,50.8383560608405,0.022560175413289,0.0116587918262242,0.105758961727559,0.942630868194315,0.0133574439027888,0.0154684681891228,0.0285432197137736,0.00151806465308476,0.00870054056378507,0.0257895997121015,0.647028558495741,-3244.65889304721,0.0453522582550074,1
4,0.000674519665947517,3.9e-05,38.8550537839308,0.809615433427689,7.47186040240575,0.366013009641184,0.958873825755779,7.42545690984567,0,0,0.00396703015713218,1.11049325862479,0.0166666666666667,9.80581910272737,3656.7452872454,2.55395066810924,0.00266758413840929,0.00721404330029649,0.76211455012817,0.00358369075177055,0.0038130924203711,0.230488666699689,0.00602908747665348,0.00441236142193743,0.0522768808956065,0.63615108571322,-3197.88096159629,0.0668094984105977,1
5,0.000230009233831629,3.9e-05,159.141172779968,1.03311207709582,0.374767451652234,0.143391977191228,0.993199365307896,4.03875557005515,0,0,0.00366266819303691,0.976994964232457,0.0166666666666667,18.9252188753166,68.0352651238423,1.87801050168299,0.00268430179535302,0.00757454427706578,0.866978249295098,0.00593058320398303,0.00152539696049932,0.12556577054042,0.00859733462753305,0.00689521918028668,0.0115723645978453,0.570127671967029,-3185.91296180664,0.196672800436509,1
6,0.231710726672131,3.9e-05,59.0289234516296,65.547056336482,3.47876442176751,0.564435705843159,0.900757196266491,1.4730599540228,0,0,0.0015112477964349,0.649331098534873,0.0166666666666667,7.71372655211862,35.6893135391913,0.0703171242677703,0.0217681216184416,0.0374385841794906,0.611257913758699,0.00159036053964043,0.00596138869750923,0.381190337004151,0.00393891945942835,0.00219846546848652,0.034923774075675,0.296282769848856,-2964.54330328699,0.395347569836444,1
7,0.319648936197622,3.9e-05,40.2540491883784,0.00606994969849904,4.75168186303924,0.79741484033687,0.793825038765117,-0.644314660441413,0,0,0.00184274842100857,0.373260517987097,0.0166666666666667,6.02529056579604,6.03797580568127,0.0477051725853274,0.00232839270770293,0.00417861553879415,0.655697458337965,0.000540007971514407,0.000597133155784933,0.343165400534735,0.00680550959519078,0.00100508459941704,0.0177174063088548,0.174557300266398,-2929.48233053373,1.08635229819029,1
8,0.000793285131557601,3.9e-05,69.9708566944913,64.7944141905978,0.83051830103307,0.326902649310214,0.981219784069259,4.8332466942762,0,0,0.00682825585763118,1.27984649060628,0.0166666666666667,17.9189545688978,20.1716620727045,0.368627538049642,0.00264469257139284,0.00497953831493039,0.905350192270055,0.00559227245753349,0.00564002905256914,0.0834175062198428,0.00288628078648052,0.00510877186051269,0.0397656375889145,0.515376223101345,-3232.76530577532,0.199403779962893,1
9,0.0013957072034092,3.9e-05,28.3160531388489,0.0698893424555052,9.96269182016659,0.000990987006924117,0.998130740980769,1.91416414881575,0,0,3.19111254584592e-05,1.11463405276028,0.0166666666666667,6.88786467171083,44.1176567663443,0.271190715968412,0.000626732263704535,0.0240768036301039,0.639887831872053,0.00239217849000695,0.00628209209707096,0.351437897540869,0.00437675044717052,0.0035819475074508,0.00512653212379654,0.62923619198674,-3206.14797422526,0.0215095145328889,1
10,0.00131753581061096,3.9e-05,0.663027287229059,3.05393978095178,0.138751190572015,0.0965298419811028,0.793498357607816,3.93683201179358,0,0,0.00193119951322177,1.67016811126125,0.0166666666666667,6.28905782203108,0.220431333757925,3.25184417700498,0.0351609456402398,0.00130005122571485,0.701907061772523,0.0105579194639098,0.00392030055050024,0.283614718213066,0.00969362230663316,0.00748480934770616,0.0321654729880127,1.05959655095681,-3343.10078925338,0.00174233202568135,1
1,0.00031513375672113,3.9e-05,330.487201276237,0.386774188488607,0.0375398088479906,0.224726358618185,0.804564839854284,4.70143486924243,0,0,0.0022112572366313,1.09551105749763,0.0166666666666667,39.4912310362207,41.1536573098016,0.234518650465348,0.00270794813148685,0.0152760780467432,0.843527453219393,0.00382331489432653,0.000886227447012585,0.151763004439268,0.00444242162891979,0.00356252084181812,0.0136054910327889,0.579868571445353,-3209.06417313651,0.700839122690984,1
2,0.260214734419709,3.9e-05,21.1888500594057,0.112006654878407,0.108145818672595,0.935228876555712,0.873616540432465,1.12761895106409,0,0,0.000962724142799609,0.62364149977222,0.0166666666666667,5.92648032023623,19.9044531463955,2.19156323374141,0.00394857407003204,0.0182591899880791,0.601695776432677,0.00787471441806904,0.00528735580290066,0.385142153346353,0.00883269233832231,0.00851366286925359,0.042597289205419,0.343966349982403,-2988.87121694416,0.139853297018303,1
3,0.298050264916069,3.9e-05,18.7244717880866,4.02425856982125,1.20757401134411,0.00381896513208014,0.992791383295621,0.967503175464749,0,0,4.90269113966437e-05,0.288630998143841,0.0166666666666667,5.00832159863366,698.215662043824,16.7630413071619,0.118636172629921,0.00141627832167056,0.918266039187962,0.00296597334367368,0.0138882716301034,0.0648797158382603,0.00630945180658426,0.00145557602894282,0.00121410051793533,0.225223593979029,-2933.39784290417,0.615120213605689,1
4,0.229641568031842,3.9e-05,28.1752384043522,25.5435256626207,12.9247022131349,0.0152450627687868,0.998182164509137,1.56647871400236,0,0,4.84226699952712e-05,1.16854268552617,0.0166666666666667,8.55212892127661,52.1164728959259,3.22622494801649,0.000579306048392813,0.0119059895044367,0.71851227448529,0.00595311850841086,0.00307497955813434,0.272459627448165,0.00215752275801621,0.00616489567429993,0.024668876998592,0.193470340978309,-2990.52442227925,0.448241329290589,1
5,1.64885918994431e-05,3.9e-05,147.049359129583,1.37540767324309,0.144575811831598,0.133685141061034,0.978820117249754,1.11744858115825,0,0,0.00799475651834598,0.784236197318045,0.0166666666666667,231.601986073461,7.48948447814736,0.535968180235508,0.0504369556379732,0.00830288902042662,0.596861497450419,0.00426720820243794,0.00723788637123544,0.391633407975908,0.00826149716107991,0.00675359907339459,0.019929567867225,0.709118722437844,-3173.59411072907,0.00111387708125603,1
6,0.209950446448071,3.9e-05,3.20835195091486,87.7080105569723,5.94883545891462,0.0161503145753129,0.987758806729718,-1.2842303160303,0,0,9.99220065753885e-06,1.04383901186006,0.0166666666666667,7.05497836269434,77.7946243607399,6.02794966428448,0.000148113472642211,0.002836714938879,0.725269149104512,0.00101100925206696,0.00535552415007119,0.268364317493349,0.00363129844351024,0.00257638605618158,0.0434126748295581,0.213072209809313,-2920.92785669224,0.40239414808266,1
7,0.200657624558693,3.9e-05,10.543132167812,0.0999454236115626,91.606911344007,0.0177194579356829,0.990245663033475,1.20739805323774,0,0,0.000895747217772361,0.818287312158115,0.0166666666666667,5.00366282889113,94.0155362983078,2.60997644731614,0.000865867128605902,0.000631750456969833,0.679899312005544,0.00747055211701819,0.00194169287823446,0.310688442999204,0.00119472664082774,0.0091799392302672,0.00729437578150707,0.247453424456061,-2932.60585762059,0.745871441676154,1
8,0.00177551714274808,3.9e-05,60.8760049947225,0.682951807704737,4.49590671826287,0.00295494673172692,0.990826472830197,4.86550934669881,0,0,3.23942089526458e-05,0.888225221058541,0.0166666666666667,5.93419745296692,1303.40290766423,4.88465969452612,0.00257887794849672,0.0390708249471109,0.89910693252019,0.00293931421009361,0.00688170400950697,0.0910720492602096,0.00537031859516246,0.00420574877711742,0.034516180060925,0.559620496541283,-3296.26042223892,1.65055569682691,1
9,0.000421128215098513,3.9e-05,304.120407464432,0.512038964074672,0.0612030274374947,0.91276424036273,0.927498571260216,3.97008870728924,0,0,0.00870934180005415,1.17934034464538,0.0166666666666667,5540.92090988651,14.3675692092061,2.10239602151748,0.00265927770325893,0.0047390937914933,0.640019507531108,0.00543074302204929,0.00516059697408087,0.349389152472761,0.00505019467276095,0.00475987364306867,0.017880038410877,0.660674444098125,-3194.2764428015,0.0817074008488575,1
10,0.00273734660641914,3.9e-05,143.355211046044,70.4434494617919,0.354636060610065,0.18853007834039,0.825721001550385,4.39921168131973,0,0,0.00129897711221598,0.883736419015803,0.0166666666666667,11.6748743392287,300.930902272197,0.0659010882552528,0.00269278953462444,0.0235365913380884,0.703048838975019,0.00430200211823122,0.00231267927523056,0.290336479631519,0.00959677055955867,0.0082315865592921,0.0406224966428504,0.601998685644473,-3142.52242648492,0.0734885093294178,1
1,0.222716396917146,3.9e-05,17.9625825846244,1.03102782469286,1.14210022011632,0.00545495380820158,0.899061991845774,3.02015143250808,0,0,0.00624388529822602,0.859007101598255,0.0166666666666667,7.37442406450579,73253.9353885678,76.0461831071464,0.00115260838201722,0.000260721719800182,0.799420841363222,0.0057573488774467,0.00113547055389734,0.193686339205434,0.00378770868798584,0.00714563749057084,0.0257648039286934,0.185609948433388,-2910.57564549475,0.880515604790567,1
2,0.000521656017067689,3.9e-05,327.328943386087,0.724888911011582,0.176253724772404,0.937254796911957,0.999369468739829,2.56839668052256,0,0,0.0111363300474567,0.884615193944633,0.0166666666666667,533.45852108545,22.6094625515544,41.2947684588044,0.00266504914858795,0.00359526727038894,0.692199335908197,0.00722341914906638,0.00449771642787216,0.296079528514865,0.00802262558746042,0.00243412339188192,0.0498704819562588,0.668860530103478,-3192.86068498835,0.0773805090487168,1
3,0.220216825822055,3.9e-05,0.52470774293221,0.109612449074433,32.1642075758844,0.188721502611884,0.993347122571826,3.12135030072633,0,0,0.000293100651513957,0.606547876054139,0.0166666666666667,4.67833943898808,370.917675740968,0.0632610732518581,0.0439754617284015,0.0313390967459772,0.962477435454405,0.00346850712770946,0.00613857303229023,0.0279154843855952,0.00280467386845126,0.00346661701176601,0.00114431978114507,0.361796468526829,-2980.4730336709,1.16963438937046,1
4,0.000147099621389671,3.9e-05,126.079155336713,88.0179122346334,0.758504502391379,0.58814058319067,0.953792517245229,-1.36972126799147,0,0,0.00544330434017033,0.43115733645087,0.0166666666666667,16.480690998457,10.408654909879,8.71374612789936,0.00270937361537853,0.00729511574434929,0.674118749855326,0.00942407196104417,0.00112112338112872,0.315336054802501,0.00769390701693637,0.00747051675120279,0.0273707619927747,0.64516032543618,-3189.02456775805,0.0629725214611461,1
5,0.00169957862625676,3.9e-05,101.313779377454,3.5628109483484,4.44894071695857,0.450778733940929,0.933532905640074,-0.617777756913634,0,0,0.000347396824017893,0.519715896341735,0.0166666666666667,12.9521431671073,144.047289967493,0.18163952013633,0.00269700740060045,0.100940288239319,0.763048554583623,0.00228468245826553,0.00544127052213998,0.229225492435972,0.0101800857681444,0.00510648920368773,0.0137552645445883,0.641877713174521,-3166.63177022214,0.101183294476855,1
6,0.233412798589672,3.9e-05,3.5636161187035,0.835334265157032,0.131336925319863,0.00111935007615184,0.93303829749128,1.36404731582866,0,0,0.00277471424862097,0.590083089499215,0.0166666666666667,6.31645877678489,1227.52370581677,46.584787142187,0.00177839584757532,0.00136025205542019,0.648283595989555,0.00521820171203282,0.00663849974036472,0.339859702558048,0.00498143773263278,0.00978446800411844,0.0363307187550123,0.191846193400775,-2924.08123540486,0.631470893671798,1
7,0.223093122513016,3.9e-05,6.73331680296408,0.790689590356878,54.1404552848936,0.0117212470483139,0.979469607598091,2.63457299363054,0,0,0.00211147331089691,1.10046177461855,0.0166666666666667,8.41774970093341,159.799790430295,3.8493383166339,0.000625947619578021,0.00037641563754949,0.6943436709854,0.00391733358520148,0.0038271283684882,0.297911867060911,0.00629131593154771,0.0079962631057839,0.00781604845528871,0.118850348255476,-2928.7364731775,0.413515531030694,1
8,0.157145014807882,3.9e-05,6020.04732575318,7.64897049738455,0.0188395773557522,0.994018727643577,0.87282228618453,5.73042281239002,0,0,0.00390680527481391,1.0306395667916,0.0166666666666667,383.458417154944,35.6562092419955,0.000264999271051711,0.0831627293901562,0.0128101373219425,0.844342410939135,0.000395077626800647,0.0168539041421264,0.138408607291938,0.0017522280174524,0.0045691342696792,0.0307482853558769,0.0920556288432188,-3380.20942146429,19.8811167198487,1
9,0.270488080765454,3.9e-05,29.6560238790939,8.93450634124046,0.133514548396192,0.0717329068375942,0.999162491036174,2.92984003710747,0,0,8.95738940461535e-05,0.611937655825132,0.0166666666666667,3.73532633559666,214.918525062888,44.8946534359935,0.0168398657018687,0.00492069699483616,0.634064290025098,0.00522941383876632,0.00557231937620471,0.355133976759931,0.00375348733228331,0.0055623545206515,0.0189868152025482,0.28668040888421,-2960.39982848229,1.35568715550375,1
10,5.88443596711676e-05,3.9e-05,314.515850934048,127.290577843247,0.483015399236788,0.442966611906873,0.977567816298463,1.63395973202088,0,0,0.00165464638007482,0.691940945195193,0.0166666666666667,38.9250143955556,147.24508698718,0.252352894431266,0.00268849897929653,0.0224582659810933,0.817291981806759,0.00211902594754064,0.00187071539232031,0.17871827685338,0.00879500677102625,0.00204666061458007,0.049402507377816,0.600960067890462,-3198.61191627597,0.0397749380268347,1
1,0.000300109696656481,3.9e-05,273.712326239159,0.494643722358225,0.0463267007873197,0.29983895720655,0.999029000961774,4.41342847985157,0,0,0.0120634644532308,0.958719426313293,0.0166666666666667,46.9168552622165,122.012274896733,0.693992073802461,0.00262005983898176,0.00223765947382472,0.609232867839231,0.0097788398222721,0.00339450821228842,0.377593784126208,0.00469135222682035,0.00594628694655381,0.0456186913618585,0.65824445874238,-3179.42070055394,0.0300048326465197,1
2,0.000132806987128336,3.9e-05,29.2761098502307,0.240971928636542,2.12427662949793,0.00289712888649322,0.999126258014068,2.85416680852008,0,0,0.00019613182807556,0.770614145168165,0.0166666666666667,5.49730867420904,213.746648370322,1.76839760208836,0.00261472980662739,0.0353193208229887,0.928526134587646,0.00325146193095178,0.00936067895048325,0.0588617245309191,0.00887413570904911,0.00146356396470329,0.0230868617213753,0.678010681783191,-3190.96292871552,0.0231817110122131,1
3,0.000526174628736472,3.9e-05,172.130628065511,0.0702058706496568,0.0684836882055271,0.40735297853586,0.947856299320929,5.26378497412767,0,0,0.00163371304201263,1.08955781929152,0.0166666666666667,26.5019030010742,81.5973539704373,7.00186211197551,0.00267128452405333,0.0204772273483683,0.782137235619923,0.00361752957394097,0.00393512443267136,0.210310110373465,0.00296938164363894,0.00277938495379321,0.0281566131364983,0.556223833120103,-3203.13137072109,0.184414332242748,1
4,0.440352603484865,3.9e-05,6.07494847104103,22.5762406162998,240.234410222288,0.0562033985098164,0.997122459783177,0.274778230311787,0,0,1.87882126034839e-05,0.300809995156937,0.0166666666666667,4.1379250571386,1.68186744035666,28.2934908542209,0.11030647059593,0.00088836746698172,0.532750801178923,0.00845498033782047,0.00904274075582373,0.449751477727433,0.00818433706159952,0.00704330029296785,0.00461191143828399,0.235172154741911,-2941.09783371134,2.60897700532757,1
5,0.204278933911965,3.9e-05,24.9257824236765,0.482717913162378,0.830259762087531,0.00200716018100224,0.972890505479159,3.56167189746784,0,0,0.00847349055664309,0.851221676562003,0.0166666666666667,8.61419911789898,117.932507782805,6.32247173230364,0.00322103345616119,0.00124210053079865,0.836120560366432,0.00216015201020641,0.00985601410265229,0.151863273520709,0.00933527312598959,0.00461654984778865,0.0427274193950608,0.170733973209342,-2918.99833137763,0.491389082400824,1
6,7.4144261303181e-05,3.9e-05,146.610447827698,1.79928611011789,0.0778072117979581,0.221344086340555,0.997680658111639,5.11367084339118,0,0,0.00222783515805051,1.05731919878477,0.0166666666666667,16.1476716538956,91.7454326504672,1.69895015468904,0.00270387051815769,0.0124704317812712,0.715849787530481,0.00486703018566081,0.00140593596323128,0.277877246320627,0.00567944736613587,0.00913495067520772,0.0162080864713294,0.618598995134452,-3191.67432227144,0.122965203630923,1
7,0.0019537463582606,3.9e-05,330.714862365492,0.827144870346247,0.290413113539859,0.494821953414421,0.929363094096178,3.3939589745161,0,0,0.0124698563372967,1.03097805767696,0.0166666666666667,201.621690497424,20.9883357627854,50.258212033514,0.00270304243307185,0.00304246878343444,0.75263931720325,0.00300663997903914,0.00418458675670225,0.240169456061009,0.00589802561356133,0.00559074937539743,0.0386732285992286,0.56566989009984,-3164.54287714677,0.0979383138362133,1
8,0.000876506368774325,3.9e-05,6.51986606384234,3.5268143095856,2.58548439135465,0.00126421147928774,0.974567107708143,3.08234698714697,0,0,5.87432943462092e-05,0.794879056221659,0.0166666666666667,4.54769747896337,47.8924058499757,14.9046153148433,0.00361543970648113,0.0247157311827167,0.948315141855828,0.0113405569108394,0.0153978799072259,0.0249464213261073,0.00137998415416232,0.0010613672632723,0.0142049669232845,0.756496968740077,-3262.57009614662,0.0115795839909022,1
9,0.000629455115303485,3.9e-05,340.434214795971,1.92493907032852,0.564179510997559,0.71559925923944,0.98150688947819,-2.36758434801295,0,0,0.00543768023617334,0.243754846333364,0.0166666666666667,112.774143425902,61.4703716175907,0.269800040654493,0.00271590980787232,0.0089607572419512,0.539388950012594,0.00118051269689927,0.00885320563576606,0.45057733165474,0.00422134072666098,0.00811392959133863,0.0257635445613136,0.648472285894042,-3162.86061048905,0.208712739740838,1
10,6.04527278428375e-05,3.9e-05,184.172241151972,10.6563750473177,36.2433904374536,0.209762231296811,0.99918624928398,2.32927959344217,0,0,0.00134609043300747,0.824805380762669,0.0166666666666667,21.5212195973966,71.3752670369675,2.90479315097795,0.00269893878235654,0.0243721739020829,0.848323054079224,0.0064884054685633,0.00233478149330252,0.14285375895891,0.0080320417794203,0.00360309388630552,0.00147119292068234,0.666339198114666,-3179.09045738748,0.0340266605981044,1
1,0.000250778672529264,3.9e-05,256.928542155506,1.24207324380605,0.213825420291579,0.869986209932512,0.230654327802894,0.901582940917166,0,0,0.00135654309806478,0.608047260247813,0.0166666666666667,62.4139806532507,10.0606962602884,62.9030437856622,0.00269899597112302,0.0272701039539512,0.874905006922672,0.00494987235953425,0.00783103020183252,0.112314090515962,0.00517331837810044,0.00109967871458823,0.00654726350641393,0.674227338768936,-3186.65820385605,0.0805602515495532,1
2,3.38593465065056e-05,3.9e-05,2.97483858909647,0.317983961324571,22.995305093435,0.586510714264193,0.916790560829656,5.20762976119335,0,0,0.000644034412701573,0.87580193375057,0.0166666666666667,7.70991753556474,1799.56192875948,0.017118352109607,0.00159128865884203,0.0201792588046487,0.63901522978277,0.000837685788182977,0.00337061633514309,0.356776468093904,0.00851998864712123,0.00566642193194465,0.030153624107221,0.688307714723569,-3191.65863531436,0.011285082826046,1
3,0.225952830389804,3.9e-05,42.7900963750568,26.0360270083234,37.5765599036553,0.00597099905221992,0.998882608053755,2.75591843167357,0,0,0.00262384619366257,0.782488772910781,0.0166666666666667,7.10724817460202,79.1731876168375,40.6029043975821,0.00440829773548628,0.00704172637502387,0.690244875573465,0.0102422606079302,0.00200957169516574,0.297503292123439,0.0071594873889874,0.00395583053252663,0.0212519595451594,0.263435741627252,-2969.14211365659,0.357331622167952,1
4,0.00057830615708671,3.9e-05,72.1401540909774,0.043131480856281,3.76590656728054,0.363651950407983,0.956546849176192,4.7094405649089,0,0,0.00184728428408582,0.997051630279718,0.0166666666666667,13.2229483543277,75.4930298491706,0.56786482248397,0.00269826764173307,0.0155368975113118,0.649461910058711,0.00252888940400675,0.00444980316667574,0.343559397370606,0.00242461667529056,0.00751235328806277,0.0437711632333463,0.610907335548888,-3162.60644343363,0.232568097748667,1
5,5.31683159529522e-05,3.9e-05,20.3146424826128,0.396768154170399,2.72910749022926,0.0589163613697957,0.998075141460507,3.81663439365869,0,0,0.000182998890119819,0.825322898901217,0.0166666666666667,5.93581817018688,521.522330309662,0.859180969564868,0.00267270603709973,0.084513274819913,0.923457592291329,0.00288311314493766,0.0109951581714156,0.0626641363923175,0.00563062914110678,0.00419745094965138,0.0388908742007556,0.650850491032772,-3222.02946551745,0.0496843676174217,1
6,0.000157244943919983,3.9e-05,129.754341151566,0.0328924436536344,1.76093428403583,0.79185694487833,0.987359185301217,3.55178177503657,0,0,0.00301532968691944,1.11372935401087,0.0166666666666667,21.717612423985,63.4744816540615,7634.37005801142,0.00117566089736918,0.00185114331602211,0.617763797091393,0.00968778696377699,0.0053293665450013,0.367219049399828,0.0092400841795729,0.00814634713974473,0.013749457503955,0.708124750448288,-3197.80723975851,0.00103610224977613,1
7,5.65212303095729e-05,3.9e-05,154.342370273373,16.9522831269855,0.503191750018826,0.293532947642738,0.952547052177524,2.14640264021111,0,0,0.000212059306446751,0.790907489591039,0.0166666666666667,12.5401117752836,112.469887634213,0.344530098096733,0.00270894097017128,0.169848585230937,0.787780952085444,0.000317273624694635,0.00235601589400766,0.209545758395854,0.00772930187395051,0.00181314520324035,0.0283232602523922,0.634934798113095,-3153.62290724276,0.154271116929552,1
8,0.000417027449755503,3.9e-05,18.0916369097509,6.75962208277002,50.7662680406828,0.00847302012527441,0.999040336846875,3.35623057846616,0,0,0.000910848588955072,0.949913865167042,0.0166666666666667,7.50751581268182,121.115282731278,0.974841327673711,0.00172787671748961,0.00631269398485615,0.662939021887863,0.00385981905883452,0.00538819774197433,0.327812961311329,0.00295371221567927,0.00643984674353088,0.000298099153682584,0.735193185635804,-3212.70666540206,0.0110411702480639,1
9,0.000231318354964636,3.9e-05,112.864562166409,28.6921688643981,0.316789369410004,0.532377005723415,0.733914347008474,2.58708001830575,0,0,0.00357758865877536,0.840499331512749,0.0166666666666667,17.0198588068066,38.270789180342,0.0655462585330541,0.00270156373875806,0.0124196635505913,0.72644982908032,0.00486883185649632,0.00041903719443482,0.268262301868749,0.00820087403655829,0.00782665358588517,0.0427281179417732,0.609582909609127,-3179.83998322053,0.146870506481725,1
10,0.248388445522784,3.9e-05,51.5377100369872,18.9128377574228,0.321577710715012,0.00479155128755915,0.989945462476174,4.43950702176786,0,0,0.026090263647518,1.13439277282289,0.0166666666666667,11.2694656553177,20.5579098673415,15.1820450972544,0.0506869048547313,0.00202049815207349,0.857190404417183,0.00159912579677913,0.00657104994309272,0.134639419842945,0.00405811577654276,0.00266953561652341,0.0187481911997531,0.131632606929785,-2881.02646421013,0.966816553532165,1
